Sample;Chromosome;Region;Type;Reference;Allele;Reference allele;Length;Zygosity;Count;Coverage;Frequency;QUAL;Most frequent alternative allele (MFAA);Homo_sapiens_refseq_GRCh37.p13_Genes;dbSNP
23-2893_S2 (paired) (MutationTest, OA, KNOWN);1;43124859;SNV;C;C;Yes;1;Homozygous;504;510;98,82352941;200;T;PPIH;https://www.ncbi.nlm.nih.gov/snp/rs3738494
23-2893_S2 (paired) (MutationTest, OA, KNOWN);1;43124859;SNV;C;T;No;1;Unknown;6;510;1,176470588;200;C;PPIH;https://www.ncbi.nlm.nih.gov/snp/rs3738494
23-2893_S2 (paired) (MutationTest, OA, KNOWN);2;105654716;SNV;C;C;Yes;1;Heterozygous;524;1048;50;200;T;LOC102724691, MRPS9;https://www.ncbi.nlm.nih.gov/snp/rs3739160
23-2893_S2 (paired) (MutationTest, OA, KNOWN);2;105654716;SNV;C;T;No;1;Heterozygous;522;1048;49,80916031;200;C;LOC102724691, MRPS9;https://www.ncbi.nlm.nih.gov/snp/rs3739160
23-2893_S2 (paired) (MutationTest, OA, KNOWN);3;49365269;SNV;C;C;Yes;1;Heterozygous;214;424;50,47169811;200;T;USP4;https://www.ncbi.nlm.nih.gov/snp/rs6795772
23-2893_S2 (paired) (MutationTest, OA, KNOWN);3;49365269;SNV;C;T;No;1;Heterozygous;210;424;49,52830189;200;C;USP4;https://www.ncbi.nlm.nih.gov/snp/rs6795772
23-2893_S2 (paired) (MutationTest, OA, KNOWN);3;52236762;SNV;G;G;Yes;1;Unknown;5;490;1,020408163;200;A;ALAS1;https://www.ncbi.nlm.nih.gov/snp/rs352169
23-2893_S2 (paired) (MutationTest, OA, KNOWN);3;52236762;SNV;G;A;No;1;Homozygous;484;490;98,7755102;200;G;ALAS1;https://www.ncbi.nlm.nih.gov/snp/rs352169
23-2893_S2 (paired) (MutationTest, OA, KNOWN);3;73111809;SNV;A;A;Yes;1;Homozygous;558;561;99,46524064;200;G;PPP4R2, EBLN2;https://www.ncbi.nlm.nih.gov/snp/rs2231926
23-2893_S2 (paired) (MutationTest, OA, KNOWN);3;73111809;SNV;A;G;No;1;Unknown;3;561;0,534759358;200;A;PPP4R2, EBLN2;https://www.ncbi.nlm.nih.gov/snp/rs2231926
23-2893_S2 (paired) (MutationTest, OA, KNOWN);3;183906515;SNV;T;T;Yes;1;Unknown;3;530;0,566037736;200;C;ABCF3;https://www.ncbi.nlm.nih.gov/snp/rs843345
23-2893_S2 (paired) (MutationTest, OA, KNOWN);3;183906515;SNV;T;C;No;1;Homozygous;526;530;99,24528302;200;T;ABCF3;https://www.ncbi.nlm.nih.gov/snp/rs843345
23-2893_S2 (paired) (MutationTest, OA, KNOWN);6;33258443;SNV;G;G;Yes;1;Heterozygous;180;373;48,25737265;200;A;PFDN6;https://www.ncbi.nlm.nih.gov/snp/rs456261
23-2893_S2 (paired) (MutationTest, OA, KNOWN);6;33258443;SNV;G;A;No;1;Heterozygous;193;373;51,74262735;200;G;PFDN6;https://www.ncbi.nlm.nih.gov/snp/rs456261
23-2893_S2 (paired) (MutationTest, OA, KNOWN);16;2821573;SNV;C;C;Yes;1;Unknown;10;916;1,091703057;200;T;ELOB;https://www.ncbi.nlm.nih.gov/snp/rs8017
23-2893_S2 (paired) (MutationTest, OA, KNOWN);16;2821573;SNV;C;T;No;1;Homozygous;906;916;98,90829694;200;C;ELOB;https://www.ncbi.nlm.nih.gov/snp/rs8017
23-2893_S2 (paired) (MutationTest, OA, KNOWN);17;5284770;SNV;G;G;Yes;1;Heterozygous;506;931;54,35016112;200;A;RABEP1;https://www.ncbi.nlm.nih.gov/snp/rs1065483
23-2893_S2 (paired) (MutationTest, OA, KNOWN);17;5284770;SNV;G;A;No;1;Heterozygous;424;931;45,5424275;200;G;RABEP1;https://www.ncbi.nlm.nih.gov/snp/rs1065483
23-2893_S2 (paired) (MutationTest, OA, KNOWN);17;47000251;SNV;C;C;Yes;1;Heterozygous;290;564;51,41843972;200;T;UBE2Z;https://www.ncbi.nlm.nih.gov/snp/rs1058018
23-2893_S2 (paired) (MutationTest, OA, KNOWN);17;47000251;SNV;C;T;No;1;Heterozygous;274;564;48,58156028;200;C;UBE2Z;https://www.ncbi.nlm.nih.gov/snp/rs1058018
23-2893_S2 (paired) (MutationTest, OA, KNOWN);19;41117869;SNV;A;A;Yes;1;Heterozygous;493;967;50,98241986;200;G;LTBP4;https://www.ncbi.nlm.nih.gov/snp/rs1131620
23-2893_S2 (paired) (MutationTest, OA, KNOWN);19;41117869;SNV;A;G;No;1;Heterozygous;473;967;48,91416753;200;A;LTBP4;https://www.ncbi.nlm.nih.gov/snp/rs1131620
23-2893_S2 (paired) (MutationTest, OA, KNOWN);19;46857286;SNV;G;G;Yes;1;Heterozygous;451;898;50,22271715;200;A;PPP5C;https://www.ncbi.nlm.nih.gov/snp/rs2075144
23-2893_S2 (paired) (MutationTest, OA, KNOWN);19;46857286;SNV;G;A;No;1;Heterozygous;447;898;49,77728285;200;G;PPP5C;https://www.ncbi.nlm.nih.gov/snp/rs2075144
23-2893_S2 (paired) (MutationTest, OA, KNOWN);21;47685939;SNV;A;A;Yes;1;Heterozygous;580;1180;49,15254237;200;G;MCM3AP;https://www.ncbi.nlm.nih.gov/snp/rs2839181
23-2893_S2 (paired) (MutationTest, OA, KNOWN);21;47685939;SNV;A;G;No;1;Heterozygous;600;1180;50,84745763;200;A;MCM3AP;https://www.ncbi.nlm.nih.gov/snp/rs2839181
23-2893_S2 (paired) (MutationTest, OA, KNOWN);21;47703649;SNV;G;G;Yes;1;Heterozygous;289;555;52,07207207;200;A;MCM3AP;https://www.ncbi.nlm.nih.gov/snp/rs11702450
23-2893_S2 (paired) (MutationTest, OA, KNOWN);21;47703649;SNV;G;A;No;1;Heterozygous;264;555;47,56756757;200;G;MCM3AP;https://www.ncbi.nlm.nih.gov/snp/rs11702450
23-2900_S4 (paired) (MutationTest, OA, KNOWN);1;43124859;SNV;C;C;Yes;1;Heterozygous;237;496;47,78225806;200;T;PPIH;https://www.ncbi.nlm.nih.gov/snp/rs3738494
23-2900_S4 (paired) (MutationTest, OA, KNOWN);1;43124859;SNV;C;T;No;1;Heterozygous;259;496;52,21774194;200;C;PPIH;https://www.ncbi.nlm.nih.gov/snp/rs3738494
23-2900_S4 (paired) (MutationTest, OA, KNOWN);2;105654716;SNV;C;C;Yes;1;Heterozygous;522;1008;51,78571429;200;T;LOC102724691, MRPS9;https://www.ncbi.nlm.nih.gov/snp/rs3739160
23-2900_S4 (paired) (MutationTest, OA, KNOWN);2;105654716;SNV;C;T;No;1;Heterozygous;486;1008;48,21428571;200;C;LOC102724691, MRPS9;https://www.ncbi.nlm.nih.gov/snp/rs3739160
23-2900_S4 (paired) (MutationTest, OA, KNOWN);3;49365269;SNV;C;C;Yes;1;Heterozygous;187;372;50,2688172;200;T;USP4;https://www.ncbi.nlm.nih.gov/snp/rs6795772
23-2900_S4 (paired) (MutationTest, OA, KNOWN);3;49365269;SNV;C;T;No;1;Heterozygous;185;372;49,7311828;200;C;USP4;https://www.ncbi.nlm.nih.gov/snp/rs6795772
23-2900_S4 (paired) (MutationTest, OA, KNOWN);3;52236762;SNV;G;G;Yes;1;Unknown;8;464;1,724137931;200;A;ALAS1;https://www.ncbi.nlm.nih.gov/snp/rs352169
23-2900_S4 (paired) (MutationTest, OA, KNOWN);3;52236762;SNV;G;A;No;1;Homozygous;454;464;97,84482759;200;G;ALAS1;https://www.ncbi.nlm.nih.gov/snp/rs352169
23-2900_S4 (paired) (MutationTest, OA, KNOWN);3;73111809;SNV;A;A;Yes;1;Heterozygous;294;554;53,06859206;200;G;PPP4R2, EBLN2;https://www.ncbi.nlm.nih.gov/snp/rs2231926
23-2900_S4 (paired) (MutationTest, OA, KNOWN);3;73111809;SNV;A;G;No;1;Heterozygous;259;554;46,75090253;200;A;PPP4R2, EBLN2;https://www.ncbi.nlm.nih.gov/snp/rs2231926
23-2900_S4 (paired) (MutationTest, OA, KNOWN);3;183906515;SNV;T;T;Yes;1;Unknown;3;481;0,623700624;200;C;ABCF3;https://www.ncbi.nlm.nih.gov/snp/rs843345
23-2900_S4 (paired) (MutationTest, OA, KNOWN);3;183906515;SNV;T;C;No;1;Homozygous;478;481;99,37629938;200;T;ABCF3;https://www.ncbi.nlm.nih.gov/snp/rs843345
23-2900_S4 (paired) (MutationTest, OA, KNOWN);6;33258443;SNV;G;G;Yes;1;Heterozygous;149;295;50,50847458;200;A;PFDN6;https://www.ncbi.nlm.nih.gov/snp/rs456261
23-2900_S4 (paired) (MutationTest, OA, KNOWN);6;33258443;SNV;G;A;No;1;Heterozygous;146;295;49,49152542;200;G;PFDN6;https://www.ncbi.nlm.nih.gov/snp/rs456261
23-2900_S4 (paired) (MutationTest, OA, KNOWN);16;2821573;SNV;C;C;Yes;1;Heterozygous;438;869;50,4027618;200;T;ELOB;https://www.ncbi.nlm.nih.gov/snp/rs8017
23-2900_S4 (paired) (MutationTest, OA, KNOWN);16;2821573;SNV;C;T;No;1;Heterozygous;431;869;49,5972382;200;C;ELOB;https://www.ncbi.nlm.nih.gov/snp/rs8017
23-2900_S4 (paired) (MutationTest, OA, KNOWN);17;5284770;SNV;G;G;Yes;1;Heterozygous;505;946;53,38266385;200;A;RABEP1;https://www.ncbi.nlm.nih.gov/snp/rs1065483
23-2900_S4 (paired) (MutationTest, OA, KNOWN);17;5284770;SNV;G;A;No;1;Heterozygous;441;946;46,61733615;200;G;RABEP1;https://www.ncbi.nlm.nih.gov/snp/rs1065483
23-2900_S4 (paired) (MutationTest, OA, KNOWN);17;47000251;SNV;C;C;Yes;1;Heterozygous;243;512;47,4609375;200;T;UBE2Z;https://www.ncbi.nlm.nih.gov/snp/rs1058018
23-2900_S4 (paired) (MutationTest, OA, KNOWN);17;47000251;SNV;C;T;No;1;Heterozygous;267;512;52,1484375;200;C;UBE2Z;https://www.ncbi.nlm.nih.gov/snp/rs1058018
23-2900_S4 (paired) (MutationTest, OA, KNOWN);19;41117869;SNV;A;A;Yes;1;Homozygous;828;835;99,16167665;200;G;LTBP4;https://www.ncbi.nlm.nih.gov/snp/rs1131620
23-2900_S4 (paired) (MutationTest, OA, KNOWN);19;41117869;SNV;A;G;No;1;Unknown;7;835;0,838323353;200;A;LTBP4;https://www.ncbi.nlm.nih.gov/snp/rs1131620
23-2900_S4 (paired) (MutationTest, OA, KNOWN);19;46857286;SNV;G;G;Yes;1;Heterozygous;394;796;49,49748744;200;A;PPP5C;https://www.ncbi.nlm.nih.gov/snp/rs2075144
23-2900_S4 (paired) (MutationTest, OA, KNOWN);19;46857286;SNV;G;A;No;1;Heterozygous;402;796;50,50251256;200;G;PPP5C;https://www.ncbi.nlm.nih.gov/snp/rs2075144
23-2900_S4 (paired) (MutationTest, OA, KNOWN);21;47685939;SNV;A;A;Yes;1;Heterozygous;601;1112;54,04676259;200;G;MCM3AP;https://www.ncbi.nlm.nih.gov/snp/rs2839181
23-2900_S4 (paired) (MutationTest, OA, KNOWN);21;47685939;SNV;A;G;No;1;Heterozygous;511;1112;45,95323741;200;A;MCM3AP;https://www.ncbi.nlm.nih.gov/snp/rs2839181
23-2900_S4 (paired) (MutationTest, OA, KNOWN);21;47703649;SNV;G;G;Yes;1;Homozygous;541;551;98,18511797;200;A;MCM3AP;https://www.ncbi.nlm.nih.gov/snp/rs11702450
23-2900_S4 (paired) (MutationTest, OA, KNOWN);21;47703649;SNV;G;A;No;1;Unknown;10;551;1,814882033;200;G;MCM3AP;https://www.ncbi.nlm.nih.gov/snp/rs11702450
23-2907_S6 (paired) (MutationTest, OA, KNOWN);1;43124859;SNV;C;C;Yes;1;Heterozygous;205;453;45,25386313;200;T;PPIH;https://www.ncbi.nlm.nih.gov/snp/rs3738494
23-2907_S6 (paired) (MutationTest, OA, KNOWN);1;43124859;SNV;C;T;No;1;Heterozygous;247;453;54,52538631;200;C;PPIH;https://www.ncbi.nlm.nih.gov/snp/rs3738494
23-2907_S6 (paired) (MutationTest, OA, KNOWN);2;105654716;SNV;C;C;Yes;1;Homozygous;908;918;98,91067538;200;T;LOC102724691, MRPS9;https://www.ncbi.nlm.nih.gov/snp/rs3739160
23-2907_S6 (paired) (MutationTest, OA, KNOWN);2;105654716;SNV;C;T;No;1;Unknown;10;918;1,089324619;200;C;LOC102724691, MRPS9;https://www.ncbi.nlm.nih.gov/snp/rs3739160
23-2907_S6 (paired) (MutationTest, OA, KNOWN);3;49365269;SNV;C;C;Yes;1;Heterozygous;210;434;48,38709677;200;T;USP4;https://www.ncbi.nlm.nih.gov/snp/rs6795772
23-2907_S6 (paired) (MutationTest, OA, KNOWN);3;49365269;SNV;C;T;No;1;Heterozygous;224;434;51,61290323;200;C;USP4;https://www.ncbi.nlm.nih.gov/snp/rs6795772
23-2907_S6 (paired) (MutationTest, OA, KNOWN);3;52236762;SNV;G;G;Yes;1;Heterozygous;219;399;54,88721805;200;A;ALAS1;https://www.ncbi.nlm.nih.gov/snp/rs352169
23-2907_S6 (paired) (MutationTest, OA, KNOWN);3;52236762;SNV;G;A;No;1;Heterozygous;179;399;44,86215539;200;G;ALAS1;https://www.ncbi.nlm.nih.gov/snp/rs352169
23-2907_S6 (paired) (MutationTest, OA, KNOWN);3;73111809;SNV;A;A;Yes;1;Heterozygous;269;515;52,23300971;200;G;PPP4R2, EBLN2;https://www.ncbi.nlm.nih.gov/snp/rs2231926
23-2907_S6 (paired) (MutationTest, OA, KNOWN);3;73111809;SNV;A;G;No;1;Heterozygous;246;515;47,76699029;200;A;PPP4R2, EBLN2;https://www.ncbi.nlm.nih.gov/snp/rs2231926
23-2907_S6 (paired) (MutationTest, OA, KNOWN);3;183906515;SNV;T;T;Yes;1;Unknown;1;457;0,218818381;200;C;ABCF3;https://www.ncbi.nlm.nih.gov/snp/rs843345
23-2907_S6 (paired) (MutationTest, OA, KNOWN);3;183906515;SNV;T;C;No;1;Homozygous;455;457;99,56236324;200;N;ABCF3;https://www.ncbi.nlm.nih.gov/snp/rs843345
23-2907_S6 (paired) (MutationTest, OA, KNOWN);6;33258443;SNV;G;G;Yes;1;Homozygous;261;263;99,23954373;200;A;PFDN6;https://www.ncbi.nlm.nih.gov/snp/rs456261
23-2907_S6 (paired) (MutationTest, OA, KNOWN);6;33258443;SNV;G;A;No;1;Unknown;2;263;0,760456274;200;G;PFDN6;https://www.ncbi.nlm.nih.gov/snp/rs456261
23-2907_S6 (paired) (MutationTest, OA, KNOWN);16;2821573;SNV;C;C;Yes;1;Unknown;8;903;0,88593577;200;T;ELOB;https://www.ncbi.nlm.nih.gov/snp/rs8017
23-2907_S6 (paired) (MutationTest, OA, KNOWN);16;2821573;SNV;C;T;No;1;Homozygous;895;903;99,11406423;200;C;ELOB;https://www.ncbi.nlm.nih.gov/snp/rs8017
23-2907_S6 (paired) (MutationTest, OA, KNOWN);17;5284770;SNV;G;G;Yes;1;Homozygous;881;891;98,87766554;200;A;RABEP1;https://www.ncbi.nlm.nih.gov/snp/rs1065483
23-2907_S6 (paired) (MutationTest, OA, KNOWN);17;5284770;SNV;G;A;No;1;Unknown;10;891;1,122334456;200;G;RABEP1;https://www.ncbi.nlm.nih.gov/snp/rs1065483
23-2907_S6 (paired) (MutationTest, OA, KNOWN);17;47000251;SNV;C;C;Yes;1;Heterozygous;266;495;53,73737374;200;T;UBE2Z;https://www.ncbi.nlm.nih.gov/snp/rs1058018
23-2907_S6 (paired) (MutationTest, OA, KNOWN);17;47000251;SNV;C;T;No;1;Heterozygous;228;495;46,06060606;200;C;UBE2Z;https://www.ncbi.nlm.nih.gov/snp/rs1058018
23-2907_S6 (paired) (MutationTest, OA, KNOWN);19;41117869;SNV;A;A;Yes;1;Homozygous;776;789;98,35234474;200;G;LTBP4;https://www.ncbi.nlm.nih.gov/snp/rs1131620
23-2907_S6 (paired) (MutationTest, OA, KNOWN);19;41117869;SNV;A;G;No;1;Unknown;11;789;1,394169835;200;A;LTBP4;https://www.ncbi.nlm.nih.gov/snp/rs1131620
23-2907_S6 (paired) (MutationTest, OA, KNOWN);19;46857286;SNV;G;G;Yes;1;Heterozygous;350;719;48,67872045;200;A;PPP5C;https://www.ncbi.nlm.nih.gov/snp/rs2075144
23-2907_S6 (paired) (MutationTest, OA, KNOWN);19;46857286;SNV;G;A;No;1;Heterozygous;369;719;51,32127955;200;G;PPP5C;https://www.ncbi.nlm.nih.gov/snp/rs2075144
23-2907_S6 (paired) (MutationTest, OA, KNOWN);21;47685939;SNV;A;A;Yes;1;Heterozygous;518;1057;49,00662252;200;G;MCM3AP;https://www.ncbi.nlm.nih.gov/snp/rs2839181
23-2907_S6 (paired) (MutationTest, OA, KNOWN);21;47685939;SNV;A;G;No;1;Heterozygous;537;1057;50,80416272;200;A;MCM3AP;https://www.ncbi.nlm.nih.gov/snp/rs2839181
23-2907_S6 (paired) (MutationTest, OA, KNOWN);21;47703649;SNV;G;G;Yes;1;Heterozygous;231;504;45,83333333;200;A;MCM3AP;https://www.ncbi.nlm.nih.gov/snp/rs11702450
23-2907_S6 (paired) (MutationTest, OA, KNOWN);21;47703649;SNV;G;A;No;1;Heterozygous;273;504;54,16666667;200;G;MCM3AP;https://www.ncbi.nlm.nih.gov/snp/rs11702450
23-2917_S8 (paired) (MutationTest, OA, KNOWN);1;43124859;SNV;C;C;Yes;1;Unknown;3;557;0,538599641;200;T;PPIH;https://www.ncbi.nlm.nih.gov/snp/rs3738494
23-2917_S8 (paired) (MutationTest, OA, KNOWN);1;43124859;SNV;C;T;No;1;Homozygous;553;557;99,28186715;200;C;PPIH;https://www.ncbi.nlm.nih.gov/snp/rs3738494
23-2917_S8 (paired) (MutationTest, OA, KNOWN);2;105654716;SNV;C;C;Yes;1;Heterozygous;658;1260;52,22222222;200;T;LOC102724691, MRPS9;https://www.ncbi.nlm.nih.gov/snp/rs3739160
23-2917_S8 (paired) (MutationTest, OA, KNOWN);2;105654716;SNV;C;T;No;1;Heterozygous;600;1260;47,61904762;200;C;LOC102724691, MRPS9;https://www.ncbi.nlm.nih.gov/snp/rs3739160
23-2917_S8 (paired) (MutationTest, OA, KNOWN);3;49365269;SNV;C;C;Yes;1;Heterozygous;229;476;48,1092437;200;T;USP4;https://www.ncbi.nlm.nih.gov/snp/rs6795772
23-2917_S8 (paired) (MutationTest, OA, KNOWN);3;49365269;SNV;C;T;No;1;Heterozygous;246;476;51,68067227;200;C;USP4;https://www.ncbi.nlm.nih.gov/snp/rs6795772
23-2917_S8 (paired) (MutationTest, OA, KNOWN);3;52236762;SNV;G;G;Yes;1;Heterozygous;264;524;50,38167939;200;A;ALAS1;https://www.ncbi.nlm.nih.gov/snp/rs352169
23-2917_S8 (paired) (MutationTest, OA, KNOWN);3;52236762;SNV;G;A;No;1;Heterozygous;259;524;49,42748092;200;G;ALAS1;https://www.ncbi.nlm.nih.gov/snp/rs352169
23-2917_S8 (paired) (MutationTest, OA, KNOWN);3;73111809;SNV;A;A;Yes;1;Unknown;7;641;1,092043682;200;G;PPP4R2, EBLN2;https://www.ncbi.nlm.nih.gov/snp/rs2231926
23-2917_S8 (paired) (MutationTest, OA, KNOWN);3;73111809;SNV;A;G;No;1;Homozygous;632;641;98,59594384;200;A;PPP4R2, EBLN2;https://www.ncbi.nlm.nih.gov/snp/rs2231926
23-2917_S8 (paired) (MutationTest, OA, KNOWN);3;183906515;SNV;T;T;Yes;1;Homozygous;560;564;99,29078014;200;C;ABCF3;https://www.ncbi.nlm.nih.gov/snp/rs843345
23-2917_S8 (paired) (MutationTest, OA, KNOWN);3;183906515;SNV;T;C;No;1;Unknown;4;564;0,709219858;200;T;ABCF3;https://www.ncbi.nlm.nih.gov/snp/rs843345
23-2917_S8 (paired) (MutationTest, OA, KNOWN);6;33258443;SNV;G;G;Yes;1;Heterozygous;166;339;48,96755162;200;A;PFDN6;https://www.ncbi.nlm.nih.gov/snp/rs456261
23-2917_S8 (paired) (MutationTest, OA, KNOWN);6;33258443;SNV;G;A;No;1;Heterozygous;173;339;51,03244838;200;G;PFDN6;https://www.ncbi.nlm.nih.gov/snp/rs456261
23-2917_S8 (paired) (MutationTest, OA, KNOWN);16;2821573;SNV;C;C;Yes;1;Heterozygous;231;723;31,95020747;200;T;ELOB;https://www.ncbi.nlm.nih.gov/snp/rs8017
23-2917_S8 (paired) (MutationTest, OA, KNOWN);16;2821573;SNV;C;T;No;1;Heterozygous;491;723;67,91147994;200;C;ELOB;https://www.ncbi.nlm.nih.gov/snp/rs8017
23-2917_S8 (paired) (MutationTest, OA, KNOWN);17;5284770;SNV;G;G;Yes;1;Heterozygous;563;1093;51,50960659;200;A;RABEP1;https://www.ncbi.nlm.nih.gov/snp/rs1065483
23-2917_S8 (paired) (MutationTest, OA, KNOWN);17;5284770;SNV;G;A;No;1;Heterozygous;528;1093;48,3074108;200;G;RABEP1;https://www.ncbi.nlm.nih.gov/snp/rs1065483
23-2917_S8 (paired) (MutationTest, OA, KNOWN);17;47000251;SNV;C;C;Yes;1;Heterozygous;288;562;51,2455516;200;T;UBE2Z;https://www.ncbi.nlm.nih.gov/snp/rs1058018
23-2917_S8 (paired) (MutationTest, OA, KNOWN);17;47000251;SNV;C;T;No;1;Heterozygous;274;562;48,7544484;200;C;UBE2Z;https://www.ncbi.nlm.nih.gov/snp/rs1058018
23-2917_S8 (paired) (MutationTest, OA, KNOWN);19;41117869;SNV;A;A;Yes;1;Heterozygous;532;1087;48,94204232;200;G;LTBP4;https://www.ncbi.nlm.nih.gov/snp/rs1131620
23-2917_S8 (paired) (MutationTest, OA, KNOWN);19;41117869;SNV;A;G;No;1;Heterozygous;554;1087;50,96596136;200;A;LTBP4;https://www.ncbi.nlm.nih.gov/snp/rs1131620
23-2917_S8 (paired) (MutationTest, OA, KNOWN);19;46857286;SNV;G;G;Yes;1;Homozygous;816;835;97,7245509;200;A;PPP5C;https://www.ncbi.nlm.nih.gov/snp/rs2075144
23-2917_S8 (paired) (MutationTest, OA, KNOWN);19;46857286;SNV;G;A;No;1;Unknown;19;835;2,275449102;200;G;PPP5C;https://www.ncbi.nlm.nih.gov/snp/rs2075144
23-2917_S8 (paired) (MutationTest, OA, KNOWN);21;47685939;SNV;A;A;Yes;1;Heterozygous;680;1308;51,98776758;200;G;MCM3AP;https://www.ncbi.nlm.nih.gov/snp/rs2839181
23-2917_S8 (paired) (MutationTest, OA, KNOWN);21;47685939;SNV;A;G;No;1;Heterozygous;626;1308;47,85932722;200;A;MCM3AP;https://www.ncbi.nlm.nih.gov/snp/rs2839181
23-2917_S8 (paired) (MutationTest, OA, KNOWN);21;47703649;SNV;G;G;Yes;1;Homozygous;653;656;99,54268293;200;A;MCM3AP;https://www.ncbi.nlm.nih.gov/snp/rs11702450
23-2917_S8 (paired) (MutationTest, OA, KNOWN);21;47703649;SNV;G;A;No;1;Unknown;3;656;0,457317073;200;G;MCM3AP;https://www.ncbi.nlm.nih.gov/snp/rs11702450
23-2938_S11 (paired) (MutationTest, OA, KNOWN);1;43124859;SNV;C;C;Yes;1;Heterozygous;165;327;50,4587156;200;T;PPIH;https://www.ncbi.nlm.nih.gov/snp/rs3738494
23-2938_S11 (paired) (MutationTest, OA, KNOWN);1;43124859;SNV;C;T;No;1;Heterozygous;162;327;49,5412844;200;C;PPIH;https://www.ncbi.nlm.nih.gov/snp/rs3738494
23-2938_S11 (paired) (MutationTest, OA, KNOWN);2;105654716;SNV;C;C;Yes;1;Homozygous;703;710;99,01408451;200;T;LOC102724691, MRPS9;https://www.ncbi.nlm.nih.gov/snp/rs3739160
23-2938_S11 (paired) (MutationTest, OA, KNOWN);2;105654716;SNV;C;T;No;1;Unknown;7;710;0,985915493;200;C;LOC102724691, MRPS9;https://www.ncbi.nlm.nih.gov/snp/rs3739160
23-2938_S11 (paired) (MutationTest, OA, KNOWN);3;49365269;SNV;C;C;Yes;1;Homozygous;281;281;100;200;;USP4;https://www.ncbi.nlm.nih.gov/snp/rs6795772
23-2938_S11 (paired) (MutationTest, OA, KNOWN);3;49365269;SNV;C;T;No;1;Unknown;0;281;0;200;C;USP4;https://www.ncbi.nlm.nih.gov/snp/rs6795772
23-2938_S11 (paired) (MutationTest, OA, KNOWN);3;52236762;SNV;G;G;Yes;1;Unknown;2;364;0,54945055;200;A;ALAS1;https://www.ncbi.nlm.nih.gov/snp/rs352169
23-2938_S11 (paired) (MutationTest, OA, KNOWN);3;52236762;SNV;G;A;No;1;Homozygous;362;364;99,45054945;200;G;ALAS1;https://www.ncbi.nlm.nih.gov/snp/rs352169
23-2938_S11 (paired) (MutationTest, OA, KNOWN);3;73111809;SNV;A;A;Yes;1;Heterozygous;195;388;50,25773196;200;G;PPP4R2, EBLN2;https://www.ncbi.nlm.nih.gov/snp/rs2231926
23-2938_S11 (paired) (MutationTest, OA, KNOWN);3;73111809;SNV;A;G;No;1;Heterozygous;193;388;49,74226804;200;A;PPP4R2, EBLN2;https://www.ncbi.nlm.nih.gov/snp/rs2231926
23-2938_S11 (paired) (MutationTest, OA, KNOWN);3;183906515;SNV;T;T;Yes;1;Homozygous;334;336;99,4047619;200;C;ABCF3;https://www.ncbi.nlm.nih.gov/snp/rs843345
23-2938_S11 (paired) (MutationTest, OA, KNOWN);3;183906515;SNV;T;C;No;1;Unknown;2;336;0,595238095;200;T;ABCF3;https://www.ncbi.nlm.nih.gov/snp/rs843345
23-2938_S11 (paired) (MutationTest, OA, KNOWN);6;33258443;SNV;G;G;Yes;1;Unknown;4;234;1,709401709;200;A;PFDN6;https://www.ncbi.nlm.nih.gov/snp/rs456261
23-2938_S11 (paired) (MutationTest, OA, KNOWN);6;33258443;SNV;G;A;No;1;Homozygous;230;234;98,29059829;200;G;PFDN6;https://www.ncbi.nlm.nih.gov/snp/rs456261
23-2938_S11 (paired) (MutationTest, OA, KNOWN);16;2821573;SNV;C;C;Yes;1;Heterozygous;289;572;50,52447552;200;T;ELOB;https://www.ncbi.nlm.nih.gov/snp/rs8017
23-2938_S11 (paired) (MutationTest, OA, KNOWN);16;2821573;SNV;C;T;No;1;Heterozygous;282;572;49,3006993;200;C;ELOB;https://www.ncbi.nlm.nih.gov/snp/rs8017
23-2938_S11 (paired) (MutationTest, OA, KNOWN);17;5284770;SNV;G;G;Yes;1;Heterozygous;360;685;52,55474453;200;A;RABEP1;https://www.ncbi.nlm.nih.gov/snp/rs1065483
23-2938_S11 (paired) (MutationTest, OA, KNOWN);17;5284770;SNV;G;A;No;1;Heterozygous;325;685;47,44525547;200;G;RABEP1;https://www.ncbi.nlm.nih.gov/snp/rs1065483
23-2938_S11 (paired) (MutationTest, OA, KNOWN);17;47000251;SNV;C;C;Yes;1;Unknown;4;394;1,015228426;200;T;UBE2Z;https://www.ncbi.nlm.nih.gov/snp/rs1058018
23-2938_S11 (paired) (MutationTest, OA, KNOWN);17;47000251;SNV;C;T;No;1;Homozygous;390;394;98,98477157;200;C;UBE2Z;https://www.ncbi.nlm.nih.gov/snp/rs1058018
23-2938_S11 (paired) (MutationTest, OA, KNOWN);19;41117869;SNV;A;A;Yes;1;Unknown;10;566;1,766784452;200;G;LTBP4;https://www.ncbi.nlm.nih.gov/snp/rs1131620
23-2938_S11 (paired) (MutationTest, OA, KNOWN);19;41117869;SNV;A;G;No;1;Homozygous;556;566;98,23321555;200;A;LTBP4;https://www.ncbi.nlm.nih.gov/snp/rs1131620
23-2938_S11 (paired) (MutationTest, OA, KNOWN);19;46857286;SNV;G;G;Yes;1;Heterozygous;273;515;53,00970874;200;A;PPP5C;https://www.ncbi.nlm.nih.gov/snp/rs2075144
23-2938_S11 (paired) (MutationTest, OA, KNOWN);19;46857286;SNV;G;A;No;1;Heterozygous;242;515;46,99029126;200;G;PPP5C;https://www.ncbi.nlm.nih.gov/snp/rs2075144
23-2938_S11 (paired) (MutationTest, OA, KNOWN);21;47685939;SNV;A;A;Yes;1;Homozygous;729;737;98,91451832;200;G;MCM3AP;https://www.ncbi.nlm.nih.gov/snp/rs2839181
23-2938_S11 (paired) (MutationTest, OA, KNOWN);21;47685939;SNV;A;G;No;1;Unknown;7;737;0,949796472;200;A;MCM3AP;https://www.ncbi.nlm.nih.gov/snp/rs2839181
23-2938_S11 (paired) (MutationTest, OA, KNOWN);21;47703649;SNV;G;G;Yes;1;Homozygous;380;386;98,44559585;200;A;MCM3AP;https://www.ncbi.nlm.nih.gov/snp/rs11702450
23-2938_S11 (paired) (MutationTest, OA, KNOWN);21;47703649;SNV;G;A;No;1;Unknown;6;386;1,554404145;200;G;MCM3AP;https://www.ncbi.nlm.nih.gov/snp/rs11702450
23-2942_S14 (paired) (MutationTest, OA, KNOWN);1;43124859;SNV;C;C;Yes;1;Heterozygous;144;303;47,52475248;200;T;PPIH;https://www.ncbi.nlm.nih.gov/snp/rs3738494
23-2942_S14 (paired) (MutationTest, OA, KNOWN);1;43124859;SNV;C;T;No;1;Heterozygous;159;303;52,47524752;200;C;PPIH;https://www.ncbi.nlm.nih.gov/snp/rs3738494
23-2942_S14 (paired) (MutationTest, OA, KNOWN);2;105654716;SNV;C;C;Yes;1;Unknown;15;708;2,118644068;200;T;LOC102724691, MRPS9;https://www.ncbi.nlm.nih.gov/snp/rs3739160
23-2942_S14 (paired) (MutationTest, OA, KNOWN);2;105654716;SNV;C;T;No;1;Homozygous;691;708;97,59887006;200;C;LOC102724691, MRPS9;https://www.ncbi.nlm.nih.gov/snp/rs3739160
23-2942_S14 (paired) (MutationTest, OA, KNOWN);3;49365269;SNV;C;C;Yes;1;Heterozygous;143;280;51,07142857;200;T;USP4;https://www.ncbi.nlm.nih.gov/snp/rs6795772
23-2942_S14 (paired) (MutationTest, OA, KNOWN);3;49365269;SNV;C;T;No;1;Heterozygous;137;280;48,92857143;200;C;USP4;https://www.ncbi.nlm.nih.gov/snp/rs6795772
23-2942_S14 (paired) (MutationTest, OA, KNOWN);3;52236762;SNV;G;G;Yes;1;Heterozygous;173;322;53,72670807;200;A;ALAS1;https://www.ncbi.nlm.nih.gov/snp/rs352169
23-2942_S14 (paired) (MutationTest, OA, KNOWN);3;52236762;SNV;G;A;No;1;Heterozygous;149;322;46,27329193;200;G;ALAS1;https://www.ncbi.nlm.nih.gov/snp/rs352169
23-2942_S14 (paired) (MutationTest, OA, KNOWN);3;73111809;SNV;A;A;Yes;1;Heterozygous;218;409;53,3007335;200;G;PPP4R2, EBLN2;https://www.ncbi.nlm.nih.gov/snp/rs2231926
23-2942_S14 (paired) (MutationTest, OA, KNOWN);3;73111809;SNV;A;G;No;1;Heterozygous;191;409;46,6992665;200;A;PPP4R2, EBLN2;https://www.ncbi.nlm.nih.gov/snp/rs2231926
23-2942_S14 (paired) (MutationTest, OA, KNOWN);3;183906515;SNV;T;T;Yes;1;Heterozygous;182;357;50,98039216;200;C;ABCF3;https://www.ncbi.nlm.nih.gov/snp/rs843345
23-2942_S14 (paired) (MutationTest, OA, KNOWN);3;183906515;SNV;T;C;No;1;Heterozygous;175;357;49,01960784;200;T;ABCF3;https://www.ncbi.nlm.nih.gov/snp/rs843345
23-2942_S14 (paired) (MutationTest, OA, KNOWN);6;33258443;SNV;G;G;Yes;1;Unknown;2;265;0,754716981;200;A;PFDN6;https://www.ncbi.nlm.nih.gov/snp/rs456261
23-2942_S14 (paired) (MutationTest, OA, KNOWN);6;33258443;SNV;G;A;No;1;Homozygous;263;265;99,24528302;200;G;PFDN6;https://www.ncbi.nlm.nih.gov/snp/rs456261
23-2942_S14 (paired) (MutationTest, OA, KNOWN);16;2821573;SNV;C;C;Yes;1;Homozygous;473;478;98,9539749;200;T;ELOB;https://www.ncbi.nlm.nih.gov/snp/rs8017
23-2942_S14 (paired) (MutationTest, OA, KNOWN);16;2821573;SNV;C;T;No;1;Unknown;5;478;1,046025105;200;C;ELOB;https://www.ncbi.nlm.nih.gov/snp/rs8017
23-2942_S14 (paired) (MutationTest, OA, KNOWN);17;5284770;SNV;G;G;Yes;1;Heterozygous;359;706;50,84985836;200;A;RABEP1;https://www.ncbi.nlm.nih.gov/snp/rs1065483
23-2942_S14 (paired) (MutationTest, OA, KNOWN);17;5284770;SNV;G;A;No;1;Heterozygous;347;706;49,15014164;200;G;RABEP1;https://www.ncbi.nlm.nih.gov/snp/rs1065483
23-2942_S14 (paired) (MutationTest, OA, KNOWN);17;47000251;SNV;C;C;Yes;1;Heterozygous;172;391;43,98976982;200;T;UBE2Z;https://www.ncbi.nlm.nih.gov/snp/rs1058018
23-2942_S14 (paired) (MutationTest, OA, KNOWN);17;47000251;SNV;C;T;No;1;Heterozygous;218;391;55,7544757;200;C;UBE2Z;https://www.ncbi.nlm.nih.gov/snp/rs1058018
23-2942_S14 (paired) (MutationTest, OA, KNOWN);19;41117869;SNV;A;A;Yes;1;Heterozygous;286;536;53,35820896;200;G;LTBP4;https://www.ncbi.nlm.nih.gov/snp/rs1131620
23-2942_S14 (paired) (MutationTest, OA, KNOWN);19;41117869;SNV;A;G;No;1;Heterozygous;246;536;45,89552239;200;A;LTBP4;https://www.ncbi.nlm.nih.gov/snp/rs1131620
23-2942_S14 (paired) (MutationTest, OA, KNOWN);19;46857286;SNV;G;G;Yes;1;Heterozygous;291;568;51,23239437;200;A;PPP5C;https://www.ncbi.nlm.nih.gov/snp/rs2075144
23-2942_S14 (paired) (MutationTest, OA, KNOWN);19;46857286;SNV;G;A;No;1;Heterozygous;276;568;48,5915493;200;G;PPP5C;https://www.ncbi.nlm.nih.gov/snp/rs2075144
23-2942_S14 (paired) (MutationTest, OA, KNOWN);21;47685939;SNV;A;A;Yes;1;Homozygous;810;813;99,63099631;200;G;MCM3AP;https://www.ncbi.nlm.nih.gov/snp/rs2839181
23-2942_S14 (paired) (MutationTest, OA, KNOWN);21;47685939;SNV;A;G;No;1;Unknown;3;813;0,36900369;200;A;MCM3AP;https://www.ncbi.nlm.nih.gov/snp/rs2839181
23-2942_S14 (paired) (MutationTest, OA, KNOWN);21;47703649;SNV;G;G;Yes;1;Homozygous;394;397;99,24433249;200;A;MCM3AP;https://www.ncbi.nlm.nih.gov/snp/rs11702450
23-2942_S14 (paired) (MutationTest, OA, KNOWN);21;47703649;SNV;G;A;No;1;Unknown;3;397;0,755667506;200;G;MCM3AP;https://www.ncbi.nlm.nih.gov/snp/rs11702450
23-2950_S17 (paired) (MutationTest, OA, KNOWN);1;43124859;SNV;C;C;Yes;1;Homozygous;262;264;99,24242424;200;T;PPIH;https://www.ncbi.nlm.nih.gov/snp/rs3738494
23-2950_S17 (paired) (MutationTest, OA, KNOWN);1;43124859;SNV;C;T;No;1;Unknown;2;264;0,757575758;200;C;PPIH;https://www.ncbi.nlm.nih.gov/snp/rs3738494
23-2950_S17 (paired) (MutationTest, OA, KNOWN);2;105654716;SNV;C;C;Yes;1;Homozygous;543;546;99,45054945;200;T;LOC102724691, MRPS9;https://www.ncbi.nlm.nih.gov/snp/rs3739160
23-2950_S17 (paired) (MutationTest, OA, KNOWN);2;105654716;SNV;C;T;No;1;Unknown;3;546;0,54945055;200;C;LOC102724691, MRPS9;https://www.ncbi.nlm.nih.gov/snp/rs3739160
23-2950_S17 (paired) (MutationTest, OA, KNOWN);3;49365269;SNV;C;C;Yes;1;Homozygous;226;230;98,26086957;200;T;USP4;https://www.ncbi.nlm.nih.gov/snp/rs6795772
23-2950_S17 (paired) (MutationTest, OA, KNOWN);3;49365269;SNV;C;T;No;1;Unknown;4;230;1,739130435;200;C;USP4;https://www.ncbi.nlm.nih.gov/snp/rs6795772
23-2950_S17 (paired) (MutationTest, OA, KNOWN);3;52236762;SNV;G;G;Yes;1;Heterozygous;130;247;52,63157895;200;A;ALAS1;https://www.ncbi.nlm.nih.gov/snp/rs352169
23-2950_S17 (paired) (MutationTest, OA, KNOWN);3;52236762;SNV;G;A;No;1;Heterozygous;117;247;47,36842105;200;G;ALAS1;https://www.ncbi.nlm.nih.gov/snp/rs352169
23-2950_S17 (paired) (MutationTest, OA, KNOWN);3;73111809;SNV;A;A;Yes;1;Homozygous;303;304;99,67105263;200;G;PPP4R2, EBLN2;https://www.ncbi.nlm.nih.gov/snp/rs2231926
23-2950_S17 (paired) (MutationTest, OA, KNOWN);3;73111809;SNV;A;G;No;1;Unknown;1;304;0,328947368;200;A;PPP4R2, EBLN2;https://www.ncbi.nlm.nih.gov/snp/rs2231926
23-2950_S17 (paired) (MutationTest, OA, KNOWN);3;183906515;SNV;T;T;Yes;1;Heterozygous;125;275;45,45454545;200;C;ABCF3;https://www.ncbi.nlm.nih.gov/snp/rs843345
23-2950_S17 (paired) (MutationTest, OA, KNOWN);3;183906515;SNV;T;C;No;1;Heterozygous;150;275;54,54545455;200;T;ABCF3;https://www.ncbi.nlm.nih.gov/snp/rs843345
23-2950_S17 (paired) (MutationTest, OA, KNOWN);6;33258443;SNV;G;G;Yes;1;Heterozygous;91;178;51,12359551;200;A;PFDN6;https://www.ncbi.nlm.nih.gov/snp/rs456261
23-2950_S17 (paired) (MutationTest, OA, KNOWN);6;33258443;SNV;G;A;No;1;Heterozygous;87;178;48,87640449;200;G;PFDN6;https://www.ncbi.nlm.nih.gov/snp/rs456261
23-2950_S17 (paired) (MutationTest, OA, KNOWN);16;2821573;SNV;C;C;Yes;1;Heterozygous;211;433;48,72979215;200;T;ELOB;https://www.ncbi.nlm.nih.gov/snp/rs8017
23-2950_S17 (paired) (MutationTest, OA, KNOWN);16;2821573;SNV;C;T;No;1;Heterozygous;222;433;51,27020785;200;C;ELOB;https://www.ncbi.nlm.nih.gov/snp/rs8017
23-2950_S17 (paired) (MutationTest, OA, KNOWN);17;5284770;SNV;G;G;Yes;1;Homozygous;484;487;99,38398357;200;A;RABEP1;https://www.ncbi.nlm.nih.gov/snp/rs1065483
23-2950_S17 (paired) (MutationTest, OA, KNOWN);17;5284770;SNV;G;A;No;1;Unknown;2;487;0,410677618;200;G;RABEP1;https://www.ncbi.nlm.nih.gov/snp/rs1065483
23-2950_S17 (paired) (MutationTest, OA, KNOWN);17;47000251;SNV;C;C;Yes;1;Unknown;3;246;1,219512195;200;T;UBE2Z;https://www.ncbi.nlm.nih.gov/snp/rs1058018
23-2950_S17 (paired) (MutationTest, OA, KNOWN);17;47000251;SNV;C;T;No;1;Homozygous;243;246;98,7804878;200;C;UBE2Z;https://www.ncbi.nlm.nih.gov/snp/rs1058018
23-2950_S17 (paired) (MutationTest, OA, KNOWN);19;41117869;SNV;A;A;Yes;1;Heterozygous;221;464;47,62931034;200;G;LTBP4;https://www.ncbi.nlm.nih.gov/snp/rs1131620
23-2950_S17 (paired) (MutationTest, OA, KNOWN);19;41117869;SNV;A;G;No;1;Heterozygous;243;464;52,37068966;200;A;LTBP4;https://www.ncbi.nlm.nih.gov/snp/rs1131620
23-2950_S17 (paired) (MutationTest, OA, KNOWN);19;46857286;SNV;G;G;Yes;1;Unknown;3;420;0,714285714;200;A;PPP5C;https://www.ncbi.nlm.nih.gov/snp/rs2075144
23-2950_S17 (paired) (MutationTest, OA, KNOWN);19;46857286;SNV;G;A;No;1;Homozygous;417;420;99,28571429;200;G;PPP5C;https://www.ncbi.nlm.nih.gov/snp/rs2075144
23-2950_S17 (paired) (MutationTest, OA, KNOWN);21;47685939;SNV;A;A;Yes;1;Heterozygous;270;546;49,45054945;200;G;MCM3AP;https://www.ncbi.nlm.nih.gov/snp/rs2839181
23-2950_S17 (paired) (MutationTest, OA, KNOWN);21;47685939;SNV;A;G;No;1;Heterozygous;276;546;50,54945055;200;A;MCM3AP;https://www.ncbi.nlm.nih.gov/snp/rs2839181
23-2950_S17 (paired) (MutationTest, OA, KNOWN);21;47703649;SNV;G;G;Yes;1;Homozygous;287;289;99,30795848;200;A;MCM3AP;https://www.ncbi.nlm.nih.gov/snp/rs11702450
23-2950_S17 (paired) (MutationTest, OA, KNOWN);21;47703649;SNV;G;A;No;1;Unknown;2;289;0,692041523;200;G;MCM3AP;https://www.ncbi.nlm.nih.gov/snp/rs11702450
23-2983_S23 (paired) (MutationTest, OA, KNOWN);1;43124859;SNV;C;C;Yes;1;Homozygous;394;400;98,5;200;T;PPIH;https://www.ncbi.nlm.nih.gov/snp/rs3738494
23-2983_S23 (paired) (MutationTest, OA, KNOWN);1;43124859;SNV;C;T;No;1;Unknown;6;400;1,5;200;C;PPIH;https://www.ncbi.nlm.nih.gov/snp/rs3738494
23-2983_S23 (paired) (MutationTest, OA, KNOWN);2;105654716;SNV;C;C;Yes;1;Heterozygous;380;793;47,91929382;200;T;LOC102724691, MRPS9;https://www.ncbi.nlm.nih.gov/snp/rs3739160
23-2983_S23 (paired) (MutationTest, OA, KNOWN);2;105654716;SNV;C;T;No;1;Heterozygous;410;793;51,70239596;200;C;LOC102724691, MRPS9;https://www.ncbi.nlm.nih.gov/snp/rs3739160
23-2983_S23 (paired) (MutationTest, OA, KNOWN);3;49365269;SNV;C;C;Yes;1;Heterozygous;176;345;51,01449275;200;T;USP4;https://www.ncbi.nlm.nih.gov/snp/rs6795772
23-2983_S23 (paired) (MutationTest, OA, KNOWN);3;49365269;SNV;C;T;No;1;Heterozygous;169;345;48,98550725;200;C;USP4;https://www.ncbi.nlm.nih.gov/snp/rs6795772
23-2983_S23 (paired) (MutationTest, OA, KNOWN);3;52236762;SNV;G;G;Yes;1;Heterozygous;196;370;52,97297297;200;A;ALAS1;https://www.ncbi.nlm.nih.gov/snp/rs352169
23-2983_S23 (paired) (MutationTest, OA, KNOWN);3;52236762;SNV;G;A;No;1;Heterozygous;174;370;47,02702703;200;G;ALAS1;https://www.ncbi.nlm.nih.gov/snp/rs352169
23-2983_S23 (paired) (MutationTest, OA, KNOWN);3;73111809;SNV;A;A;Yes;1;Heterozygous;210;483;43,47826087;200;G;PPP4R2, EBLN2;https://www.ncbi.nlm.nih.gov/snp/rs2231926
23-2983_S23 (paired) (MutationTest, OA, KNOWN);3;73111809;SNV;A;G;No;1;Heterozygous;272;483;56,31469979;200;A;PPP4R2, EBLN2;https://www.ncbi.nlm.nih.gov/snp/rs2231926
23-2983_S23 (paired) (MutationTest, OA, KNOWN);3;183906515;SNV;T;T;Yes;1;Unknown;7;444;1,576576577;200;C;ABCF3;https://www.ncbi.nlm.nih.gov/snp/rs843345
23-2983_S23 (paired) (MutationTest, OA, KNOWN);3;183906515;SNV;T;C;No;1;Homozygous;435;444;97,97297297;200;T;ABCF3;https://www.ncbi.nlm.nih.gov/snp/rs843345
23-2983_S23 (paired) (MutationTest, OA, KNOWN);6;33258443;SNV;G;G;Yes;1;Heterozygous;105;259;40,54054054;200;A;PFDN6;https://www.ncbi.nlm.nih.gov/snp/rs456261
23-2983_S23 (paired) (MutationTest, OA, KNOWN);6;33258443;SNV;G;A;No;1;Heterozygous;152;259;58,68725869;200;G;PFDN6;https://www.ncbi.nlm.nih.gov/snp/rs456261
23-2983_S23 (paired) (MutationTest, OA, KNOWN);16;2821573;SNV;C;C;Yes;1;Heterozygous;203;561;36,18538324;200;T;ELOB;https://www.ncbi.nlm.nih.gov/snp/rs8017
23-2983_S23 (paired) (MutationTest, OA, KNOWN);16;2821573;SNV;C;T;No;1;Heterozygous;356;561;63,45811052;200;C;ELOB;https://www.ncbi.nlm.nih.gov/snp/rs8017
23-2983_S23 (paired) (MutationTest, OA, KNOWN);17;5284770;SNV;G;G;Yes;1;Heterozygous;379;801;47,31585518;200;A;RABEP1;https://www.ncbi.nlm.nih.gov/snp/rs1065483
23-2983_S23 (paired) (MutationTest, OA, KNOWN);17;5284770;SNV;G;A;No;1;Heterozygous;421;801;52,55930087;200;G;RABEP1;https://www.ncbi.nlm.nih.gov/snp/rs1065483
23-2983_S23 (paired) (MutationTest, OA, KNOWN);17;47000251;SNV;C;C;Yes;1;Unknown;2;402;0,497512438;200;T;UBE2Z;https://www.ncbi.nlm.nih.gov/snp/rs1058018
23-2983_S23 (paired) (MutationTest, OA, KNOWN);17;47000251;SNV;C;T;No;1;Homozygous;398;402;99,00497512;200;C;UBE2Z;https://www.ncbi.nlm.nih.gov/snp/rs1058018
23-2983_S23 (paired) (MutationTest, OA, KNOWN);19;41117869;SNV;A;A;Yes;1;Homozygous;621;637;97,48822606;200;G;LTBP4;https://www.ncbi.nlm.nih.gov/snp/rs1131620
23-2983_S23 (paired) (MutationTest, OA, KNOWN);19;41117869;SNV;A;G;No;1;Unknown;13;637;2,040816327;200;A;LTBP4;https://www.ncbi.nlm.nih.gov/snp/rs1131620
23-2983_S23 (paired) (MutationTest, OA, KNOWN);19;46857286;SNV;G;G;Yes;1;Heterozygous;265;564;46,9858156;200;A;PPP5C;https://www.ncbi.nlm.nih.gov/snp/rs2075144
23-2983_S23 (paired) (MutationTest, OA, KNOWN);19;46857286;SNV;G;A;No;1;Heterozygous;298;564;52,83687943;200;G;PPP5C;https://www.ncbi.nlm.nih.gov/snp/rs2075144
23-2983_S23 (paired) (MutationTest, OA, KNOWN);21;47685939;SNV;A;A;Yes;1;Heterozygous;402;806;49,87593052;200;G;MCM3AP;https://www.ncbi.nlm.nih.gov/snp/rs2839181
23-2983_S23 (paired) (MutationTest, OA, KNOWN);21;47685939;SNV;A;G;No;1;Heterozygous;403;806;50;200;A;MCM3AP;https://www.ncbi.nlm.nih.gov/snp/rs2839181
23-2983_S23 (paired) (MutationTest, OA, KNOWN);21;47703649;SNV;G;G;Yes;1;Heterozygous;227;453;50,11037528;200;A;MCM3AP;https://www.ncbi.nlm.nih.gov/snp/rs11702450
23-2983_S23 (paired) (MutationTest, OA, KNOWN);21;47703649;SNV;G;A;No;1;Heterozygous;226;453;49,88962472;200;G;MCM3AP;https://www.ncbi.nlm.nih.gov/snp/rs11702450
23-2996_S26 (paired) (MutationTest, OA, KNOWN);1;43124859;SNV;C;C;Yes;1;Unknown;3;409;0,733496333;200;T;PPIH;https://www.ncbi.nlm.nih.gov/snp/rs3738494
23-2996_S26 (paired) (MutationTest, OA, KNOWN);1;43124859;SNV;C;T;No;1;Homozygous;406;409;99,26650367;200;C;PPIH;https://www.ncbi.nlm.nih.gov/snp/rs3738494
23-2996_S26 (paired) (MutationTest, OA, KNOWN);2;105654716;SNV;C;C;Yes;1;Homozygous;714;725;98,48275862;200;T;LOC102724691, MRPS9;https://www.ncbi.nlm.nih.gov/snp/rs3739160
23-2996_S26 (paired) (MutationTest, OA, KNOWN);2;105654716;SNV;C;T;No;1;Unknown;11;725;1,517241379;200;C;LOC102724691, MRPS9;https://www.ncbi.nlm.nih.gov/snp/rs3739160
23-2996_S26 (paired) (MutationTest, OA, KNOWN);3;49365269;SNV;C;C;Yes;1;Heterozygous;169;363;46,55647383;200;T;USP4;https://www.ncbi.nlm.nih.gov/snp/rs6795772
23-2996_S26 (paired) (MutationTest, OA, KNOWN);3;49365269;SNV;C;T;No;1;Heterozygous;193;363;53,16804408;200;C;USP4;https://www.ncbi.nlm.nih.gov/snp/rs6795772
23-2996_S26 (paired) (MutationTest, OA, KNOWN);3;52236762;SNV;G;G;Yes;1;Heterozygous;199;360;55,27777778;200;A;ALAS1;https://www.ncbi.nlm.nih.gov/snp/rs352169
23-2996_S26 (paired) (MutationTest, OA, KNOWN);3;52236762;SNV;G;A;No;1;Heterozygous;161;360;44,72222222;200;G;ALAS1;https://www.ncbi.nlm.nih.gov/snp/rs352169
23-2996_S26 (paired) (MutationTest, OA, KNOWN);3;73111809;SNV;A;A;Yes;1;Unknown;1;439;0,227790433;200;G;PPP4R2, EBLN2;https://www.ncbi.nlm.nih.gov/snp/rs2231926
23-2996_S26 (paired) (MutationTest, OA, KNOWN);3;73111809;SNV;A;G;No;1;Homozygous;438;439;99,77220957;200;A;PPP4R2, EBLN2;https://www.ncbi.nlm.nih.gov/snp/rs2231926
23-2996_S26 (paired) (MutationTest, OA, KNOWN);3;183906515;SNV;T;T;Yes;1;Homozygous;372;373;99,73190349;200;N;ABCF3;https://www.ncbi.nlm.nih.gov/snp/rs843345
23-2996_S26 (paired) (MutationTest, OA, KNOWN);3;183906515;SNV;T;C;No;1;Unknown;0;373;0;200;T;ABCF3;https://www.ncbi.nlm.nih.gov/snp/rs843345
23-2996_S26 (paired) (MutationTest, OA, KNOWN);6;33258443;SNV;G;G;Yes;1;Unknown;1;253;0,395256917;200;A;PFDN6;https://www.ncbi.nlm.nih.gov/snp/rs456261
23-2996_S26 (paired) (MutationTest, OA, KNOWN);6;33258443;SNV;G;A;No;1;Homozygous;252;253;99,60474308;200;G;PFDN6;https://www.ncbi.nlm.nih.gov/snp/rs456261
23-2996_S26 (paired) (MutationTest, OA, KNOWN);16;2821573;SNV;C;C;Yes;1;Heterozygous;171;508;33,66141732;200;T;ELOB;https://www.ncbi.nlm.nih.gov/snp/rs8017
23-2996_S26 (paired) (MutationTest, OA, KNOWN);16;2821573;SNV;C;T;No;1;Heterozygous;336;508;66,14173228;200;C;ELOB;https://www.ncbi.nlm.nih.gov/snp/rs8017
23-2996_S26 (paired) (MutationTest, OA, KNOWN);17;5284770;SNV;G;G;Yes;1;Homozygous;666;673;98,95988113;200;A;RABEP1;https://www.ncbi.nlm.nih.gov/snp/rs1065483
23-2996_S26 (paired) (MutationTest, OA, KNOWN);17;5284770;SNV;G;A;No;1;Unknown;7;673;1,040118871;200;G;RABEP1;https://www.ncbi.nlm.nih.gov/snp/rs1065483
23-2996_S26 (paired) (MutationTest, OA, KNOWN);17;47000251;SNV;C;C;Yes;1;Heterozygous;189;372;50,80645161;200;T;UBE2Z;https://www.ncbi.nlm.nih.gov/snp/rs1058018
23-2996_S26 (paired) (MutationTest, OA, KNOWN);17;47000251;SNV;C;T;No;1;Heterozygous;183;372;49,19354839;200;C;UBE2Z;https://www.ncbi.nlm.nih.gov/snp/rs1058018
23-2996_S26 (paired) (MutationTest, OA, KNOWN);19;41117869;SNV;A;A;Yes;1;Unknown;12;728;1,648351648;200;G;LTBP4;https://www.ncbi.nlm.nih.gov/snp/rs1131620
23-2996_S26 (paired) (MutationTest, OA, KNOWN);19;41117869;SNV;A;G;No;1;Homozygous;713;728;97,93956044;200;A;LTBP4;https://www.ncbi.nlm.nih.gov/snp/rs1131620
23-2996_S26 (paired) (MutationTest, OA, KNOWN);19;46857286;SNV;G;G;Yes;1;Unknown;3;558;0,537634409;200;A;PPP5C;https://www.ncbi.nlm.nih.gov/snp/rs2075144
23-2996_S26 (paired) (MutationTest, OA, KNOWN);19;46857286;SNV;G;A;No;1;Homozygous;549;558;98,38709677;200;T;PPP5C;https://www.ncbi.nlm.nih.gov/snp/rs2075144
23-2996_S26 (paired) (MutationTest, OA, KNOWN);21;47685939;SNV;A;A;Yes;1;Heterozygous;391;782;50;200;G;MCM3AP;https://www.ncbi.nlm.nih.gov/snp/rs2839181
23-2996_S26 (paired) (MutationTest, OA, KNOWN);21;47685939;SNV;A;G;No;1;Heterozygous;390;782;49,87212276;200;A;MCM3AP;https://www.ncbi.nlm.nih.gov/snp/rs2839181
23-2996_S26 (paired) (MutationTest, OA, KNOWN);21;47703649;SNV;G;G;Yes;1;Heterozygous;236;455;51,86813187;200;A;MCM3AP;https://www.ncbi.nlm.nih.gov/snp/rs11702450
23-2996_S26 (paired) (MutationTest, OA, KNOWN);21;47703649;SNV;G;A;No;1;Heterozygous;218;455;47,91208791;200;G;MCM3AP;https://www.ncbi.nlm.nih.gov/snp/rs11702450
23-3017_S30 (paired) (MutationTest, OA, KNOWN);1;43124859;SNV;C;C;Yes;1;Unknown;1;359;0,278551532;200;T;PPIH;https://www.ncbi.nlm.nih.gov/snp/rs3738494
23-3017_S30 (paired) (MutationTest, OA, KNOWN);1;43124859;SNV;C;T;No;1;Homozygous;358;359;99,72144847;200;C;PPIH;https://www.ncbi.nlm.nih.gov/snp/rs3738494
23-3017_S30 (paired) (MutationTest, OA, KNOWN);2;105654716;SNV;C;C;Yes;1;Unknown;5;698;0,716332378;200;T;LOC102724691, MRPS9;https://www.ncbi.nlm.nih.gov/snp/rs3739160
23-3017_S30 (paired) (MutationTest, OA, KNOWN);2;105654716;SNV;C;T;No;1;Homozygous;689;698;98,71060172;200;C;LOC102724691, MRPS9;https://www.ncbi.nlm.nih.gov/snp/rs3739160
23-3017_S30 (paired) (MutationTest, OA, KNOWN);3;49365269;SNV;C;C;Yes;1;Heterozygous;146;274;53,28467153;200;T;USP4;https://www.ncbi.nlm.nih.gov/snp/rs6795772
23-3017_S30 (paired) (MutationTest, OA, KNOWN);3;49365269;SNV;C;T;No;1;Heterozygous;128;274;46,71532847;200;C;USP4;https://www.ncbi.nlm.nih.gov/snp/rs6795772
23-3017_S30 (paired) (MutationTest, OA, KNOWN);3;52236762;SNV;G;G;Yes;1;Heterozygous;181;341;53,07917889;200;A;ALAS1;https://www.ncbi.nlm.nih.gov/snp/rs352169
23-3017_S30 (paired) (MutationTest, OA, KNOWN);3;52236762;SNV;G;A;No;1;Heterozygous;159;341;46,62756598;200;G;ALAS1;https://www.ncbi.nlm.nih.gov/snp/rs352169
23-3017_S30 (paired) (MutationTest, OA, KNOWN);3;73111809;SNV;A;A;Yes;1;Heterozygous;176;361;48,7534626;200;G;PPP4R2, EBLN2;https://www.ncbi.nlm.nih.gov/snp/rs2231926
23-3017_S30 (paired) (MutationTest, OA, KNOWN);3;73111809;SNV;A;G;No;1;Heterozygous;184;361;50,96952909;200;A;PPP4R2, EBLN2;https://www.ncbi.nlm.nih.gov/snp/rs2231926
23-3017_S30 (paired) (MutationTest, OA, KNOWN);3;183906515;SNV;T;T;Yes;1;Homozygous;342;348;98,27586207;200;C;ABCF3;https://www.ncbi.nlm.nih.gov/snp/rs843345
23-3017_S30 (paired) (MutationTest, OA, KNOWN);3;183906515;SNV;T;C;No;1;Unknown;5;348;1,436781609;200;T;ABCF3;https://www.ncbi.nlm.nih.gov/snp/rs843345
23-3017_S30 (paired) (MutationTest, OA, KNOWN);6;33258443;SNV;G;G;Yes;1;Homozygous;226;228;99,12280702;200;A;PFDN6;https://www.ncbi.nlm.nih.gov/snp/rs456261
23-3017_S30 (paired) (MutationTest, OA, KNOWN);6;33258443;SNV;G;A;No;1;Unknown;2;228;0,877192983;200;G;PFDN6;https://www.ncbi.nlm.nih.gov/snp/rs456261
23-3017_S30 (paired) (MutationTest, OA, KNOWN);16;2821573;SNV;C;C;Yes;1;Unknown;11;613;1,794453507;200;T;ELOB;https://www.ncbi.nlm.nih.gov/snp/rs8017
23-3017_S30 (paired) (MutationTest, OA, KNOWN);16;2821573;SNV;C;T;No;1;Homozygous;601;613;98,04241436;200;C;ELOB;https://www.ncbi.nlm.nih.gov/snp/rs8017
23-3017_S30 (paired) (MutationTest, OA, KNOWN);17;5284770;SNV;G;G;Yes;1;Heterozygous;334;635;52,5984252;200;A;RABEP1;https://www.ncbi.nlm.nih.gov/snp/rs1065483
23-3017_S30 (paired) (MutationTest, OA, KNOWN);17;5284770;SNV;G;A;No;1;Heterozygous;301;635;47,4015748;200;G;RABEP1;https://www.ncbi.nlm.nih.gov/snp/rs1065483
23-3017_S30 (paired) (MutationTest, OA, KNOWN);17;47000251;SNV;C;C;Yes;1;Unknown;3;358;0,837988827;200;T;UBE2Z;https://www.ncbi.nlm.nih.gov/snp/rs1058018
23-3017_S30 (paired) (MutationTest, OA, KNOWN);17;47000251;SNV;C;T;No;1;Homozygous;355;358;99,16201117;200;C;UBE2Z;https://www.ncbi.nlm.nih.gov/snp/rs1058018
23-3017_S30 (paired) (MutationTest, OA, KNOWN);19;41117869;SNV;A;A;Yes;1;Heterozygous;274;547;50,09140768;200;G;LTBP4;https://www.ncbi.nlm.nih.gov/snp/rs1131620
23-3017_S30 (paired) (MutationTest, OA, KNOWN);19;41117869;SNV;A;G;No;1;Heterozygous;273;547;49,90859232;200;A;LTBP4;https://www.ncbi.nlm.nih.gov/snp/rs1131620
23-3017_S30 (paired) (MutationTest, OA, KNOWN);19;46857286;SNV;G;G;Yes;1;Unknown;5;558;0,896057348;200;A;PPP5C;https://www.ncbi.nlm.nih.gov/snp/rs2075144
23-3017_S30 (paired) (MutationTest, OA, KNOWN);19;46857286;SNV;G;A;No;1;Homozygous;553;558;99,10394265;200;G;PPP5C;https://www.ncbi.nlm.nih.gov/snp/rs2075144
23-3017_S30 (paired) (MutationTest, OA, KNOWN);21;47685939;SNV;A;A;Yes;1;Heterozygous;401;742;54,04312668;200;G;MCM3AP;https://www.ncbi.nlm.nih.gov/snp/rs2839181
23-3017_S30 (paired) (MutationTest, OA, KNOWN);21;47685939;SNV;A;G;No;1;Heterozygous;339;742;45,68733154;200;A;MCM3AP;https://www.ncbi.nlm.nih.gov/snp/rs2839181
23-3017_S30 (paired) (MutationTest, OA, KNOWN);21;47703649;SNV;G;G;Yes;1;Heterozygous;232;467;49,67880086;200;A;MCM3AP;https://www.ncbi.nlm.nih.gov/snp/rs11702450
23-3017_S30 (paired) (MutationTest, OA, KNOWN);21;47703649;SNV;G;A;No;1;Heterozygous;235;467;50,32119914;200;G;MCM3AP;https://www.ncbi.nlm.nih.gov/snp/rs11702450
23-3067_S44 (paired) (MutationTest, OA, KNOWN);1;43124859;SNV;C;C;Yes;1;Unknown;1;387;0,258397933;200;T;PPIH;https://www.ncbi.nlm.nih.gov/snp/rs3738494
23-3067_S44 (paired) (MutationTest, OA, KNOWN);1;43124859;SNV;C;T;No;1;Homozygous;386;387;99,74160207;200;C;PPIH;https://www.ncbi.nlm.nih.gov/snp/rs3738494
23-3067_S44 (paired) (MutationTest, OA, KNOWN);2;105654716;SNV;C;C;Yes;1;Heterozygous;394;806;48,88337469;200;T;LOC102724691, MRPS9;https://www.ncbi.nlm.nih.gov/snp/rs3739160
23-3067_S44 (paired) (MutationTest, OA, KNOWN);2;105654716;SNV;C;T;No;1;Heterozygous;412;806;51,11662531;200;C;LOC102724691, MRPS9;https://www.ncbi.nlm.nih.gov/snp/rs3739160
23-3067_S44 (paired) (MutationTest, OA, KNOWN);3;49365269;SNV;C;C;Yes;1;Heterozygous;189;387;48,8372093;200;T;USP4;https://www.ncbi.nlm.nih.gov/snp/rs6795772
23-3067_S44 (paired) (MutationTest, OA, KNOWN);3;49365269;SNV;C;T;No;1;Heterozygous;198;387;51,1627907;200;C;USP4;https://www.ncbi.nlm.nih.gov/snp/rs6795772
23-3067_S44 (paired) (MutationTest, OA, KNOWN);3;52236762;SNV;G;G;Yes;1;Unknown;0;417;0;200;A;ALAS1;https://www.ncbi.nlm.nih.gov/snp/rs352169
23-3067_S44 (paired) (MutationTest, OA, KNOWN);3;52236762;SNV;G;A;No;1;Homozygous;416;417;99,76019185;200;N;ALAS1;https://www.ncbi.nlm.nih.gov/snp/rs352169
23-3067_S44 (paired) (MutationTest, OA, KNOWN);3;73111809;SNV;A;A;Yes;1;Unknown;5;419;1,193317422;200;G;PPP4R2, EBLN2;https://www.ncbi.nlm.nih.gov/snp/rs2231926
23-3067_S44 (paired) (MutationTest, OA, KNOWN);3;73111809;SNV;A;G;No;1;Homozygous;414;419;98,80668258;200;A;PPP4R2, EBLN2;https://www.ncbi.nlm.nih.gov/snp/rs2231926
23-3067_S44 (paired) (MutationTest, OA, KNOWN);3;183906515;SNV;T;T;Yes;1;Heterozygous;192;403;47,6426799;200;C;ABCF3;https://www.ncbi.nlm.nih.gov/snp/rs843345
23-3067_S44 (paired) (MutationTest, OA, KNOWN);3;183906515;SNV;T;C;No;1;Heterozygous;211;403;52,3573201;200;T;ABCF3;https://www.ncbi.nlm.nih.gov/snp/rs843345
23-3067_S44 (paired) (MutationTest, OA, KNOWN);6;33258443;SNV;G;G;Yes;1;Unknown;0;266;0;200;A;PFDN6;https://www.ncbi.nlm.nih.gov/snp/rs456261
23-3067_S44 (paired) (MutationTest, OA, KNOWN);6;33258443;SNV;G;A;No;1;Homozygous;266;266;100;200;;PFDN6;https://www.ncbi.nlm.nih.gov/snp/rs456261
23-3067_S44 (paired) (MutationTest, OA, KNOWN);16;2821573;SNV;C;C;Yes;1;Unknown;9;702;1,282051282;200;T;ELOB;https://www.ncbi.nlm.nih.gov/snp/rs8017
23-3067_S44 (paired) (MutationTest, OA, KNOWN);16;2821573;SNV;C;T;No;1;Homozygous;692;702;98,57549858;200;C;ELOB;https://www.ncbi.nlm.nih.gov/snp/rs8017
23-3067_S44 (paired) (MutationTest, OA, KNOWN);17;5284770;SNV;G;G;Yes;1;Heterozygous;413;752;54,92021277;200;A;RABEP1;https://www.ncbi.nlm.nih.gov/snp/rs1065483
23-3067_S44 (paired) (MutationTest, OA, KNOWN);17;5284770;SNV;G;A;No;1;Heterozygous;339;752;45,07978723;200;G;RABEP1;https://www.ncbi.nlm.nih.gov/snp/rs1065483
23-3067_S44 (paired) (MutationTest, OA, KNOWN);17;47000251;SNV;C;C;Yes;1;Homozygous;412;414;99,51690821;200;T;UBE2Z;https://www.ncbi.nlm.nih.gov/snp/rs1058018
23-3067_S44 (paired) (MutationTest, OA, KNOWN);17;47000251;SNV;C;T;No;1;Unknown;2;414;0,483091787;200;C;UBE2Z;https://www.ncbi.nlm.nih.gov/snp/rs1058018
23-3067_S44 (paired) (MutationTest, OA, KNOWN);19;41117869;SNV;A;A;Yes;1;Homozygous;618;621;99,51690821;200;C;LTBP4;https://www.ncbi.nlm.nih.gov/snp/rs1131620
23-3067_S44 (paired) (MutationTest, OA, KNOWN);19;41117869;SNV;A;G;No;1;Unknown;1;621;0,161030596;200;A;LTBP4;https://www.ncbi.nlm.nih.gov/snp/rs1131620
23-3067_S44 (paired) (MutationTest, OA, KNOWN);19;46857286;SNV;G;G;Yes;1;Heterozygous;287;573;50,08726003;200;A;PPP5C;https://www.ncbi.nlm.nih.gov/snp/rs2075144
23-3067_S44 (paired) (MutationTest, OA, KNOWN);19;46857286;SNV;G;A;No;1;Heterozygous;285;573;49,7382199;200;G;PPP5C;https://www.ncbi.nlm.nih.gov/snp/rs2075144
23-3067_S44 (paired) (MutationTest, OA, KNOWN);21;47685939;SNV;A;A;Yes;1;Homozygous;806;812;99,26108374;200;G;MCM3AP;https://www.ncbi.nlm.nih.gov/snp/rs2839181
23-3067_S44 (paired) (MutationTest, OA, KNOWN);21;47685939;SNV;A;G;No;1;Unknown;6;812;0,738916256;200;A;MCM3AP;https://www.ncbi.nlm.nih.gov/snp/rs2839181
23-3067_S44 (paired) (MutationTest, OA, KNOWN);21;47703649;SNV;G;G;Yes;1;Unknown;1;433;0,230946882;200;A;MCM3AP;https://www.ncbi.nlm.nih.gov/snp/rs11702450
23-3067_S44 (paired) (MutationTest, OA, KNOWN);21;47703649;SNV;G;A;No;1;Homozygous;431;433;99,53810624;200;G;MCM3AP;https://www.ncbi.nlm.nih.gov/snp/rs11702450
23-3372_S47 (paired) (MutationTest, OA, KNOWN);1;43124859;SNV;C;C;Yes;1;Homozygous;378;385;98,18181818;200;T;PPIH;https://www.ncbi.nlm.nih.gov/snp/rs3738494
23-3372_S47 (paired) (MutationTest, OA, KNOWN);1;43124859;SNV;C;T;No;1;Unknown;7;385;1,818181818;200;C;PPIH;https://www.ncbi.nlm.nih.gov/snp/rs3738494
23-3372_S47 (paired) (MutationTest, OA, KNOWN);2;105654716;SNV;C;C;Yes;1;Homozygous;638;645;98,91472868;200;T;LOC102724691, MRPS9;https://www.ncbi.nlm.nih.gov/snp/rs3739160
23-3372_S47 (paired) (MutationTest, OA, KNOWN);2;105654716;SNV;C;T;No;1;Unknown;6;645;0,930232558;200;C;LOC102724691, MRPS9;https://www.ncbi.nlm.nih.gov/snp/rs3739160
23-3372_S47 (paired) (MutationTest, OA, KNOWN);3;49365269;SNV;C;C;Yes;1;Heterozygous;171;330;51,81818182;200;T;USP4;https://www.ncbi.nlm.nih.gov/snp/rs6795772
23-3372_S47 (paired) (MutationTest, OA, KNOWN);3;49365269;SNV;C;T;No;1;Heterozygous;159;330;48,18181818;200;C;USP4;https://www.ncbi.nlm.nih.gov/snp/rs6795772
23-3372_S47 (paired) (MutationTest, OA, KNOWN);3;52236762;SNV;G;G;Yes;1;Heterozygous;157;295;53,22033898;200;A;ALAS1;https://www.ncbi.nlm.nih.gov/snp/rs352169
23-3372_S47 (paired) (MutationTest, OA, KNOWN);3;52236762;SNV;G;A;No;1;Heterozygous;136;295;46,10169492;200;G;ALAS1;https://www.ncbi.nlm.nih.gov/snp/rs352169
23-3372_S47 (paired) (MutationTest, OA, KNOWN);3;73111809;SNV;A;A;Yes;1;Homozygous;453;456;99,34210526;200;G;PPP4R2, EBLN2;https://www.ncbi.nlm.nih.gov/snp/rs2231926
23-3372_S47 (paired) (MutationTest, OA, KNOWN);3;73111809;SNV;A;G;No;1;Unknown;3;456;0,657894737;200;A;PPP4R2, EBLN2;https://www.ncbi.nlm.nih.gov/snp/rs2231926
23-3372_S47 (paired) (MutationTest, OA, KNOWN);3;183906515;SNV;T;T;Yes;1;Heterozygous;156;355;43,94366197;200;C;ABCF3;https://www.ncbi.nlm.nih.gov/snp/rs843345
23-3372_S47 (paired) (MutationTest, OA, KNOWN);3;183906515;SNV;T;C;No;1;Heterozygous;199;355;56,05633803;200;T;ABCF3;https://www.ncbi.nlm.nih.gov/snp/rs843345
23-3372_S47 (paired) (MutationTest, OA, KNOWN);6;33258443;SNV;G;G;Yes;1;Heterozygous;114;237;48,10126582;200;A;PFDN6;https://www.ncbi.nlm.nih.gov/snp/rs456261
23-3372_S47 (paired) (MutationTest, OA, KNOWN);6;33258443;SNV;G;A;No;1;Heterozygous;122;237;51,47679325;200;G;PFDN6;https://www.ncbi.nlm.nih.gov/snp/rs456261
23-3372_S47 (paired) (MutationTest, OA, KNOWN);16;2821573;SNV;C;C;Yes;1;Heterozygous;152;448;33,92857143;200;T;ELOB;https://www.ncbi.nlm.nih.gov/snp/rs8017
23-3372_S47 (paired) (MutationTest, OA, KNOWN);16;2821573;SNV;C;T;No;1;Heterozygous;295;448;65,84821429;200;C;ELOB;https://www.ncbi.nlm.nih.gov/snp/rs8017
23-3372_S47 (paired) (MutationTest, OA, KNOWN);17;5284770;SNV;G;G;Yes;1;Heterozygous;346;686;50,43731778;200;A;RABEP1;https://www.ncbi.nlm.nih.gov/snp/rs1065483
23-3372_S47 (paired) (MutationTest, OA, KNOWN);17;5284770;SNV;G;A;No;1;Heterozygous;340;686;49,56268222;200;G;RABEP1;https://www.ncbi.nlm.nih.gov/snp/rs1065483
23-3372_S47 (paired) (MutationTest, OA, KNOWN);17;47000251;SNV;C;C;Yes;1;Heterozygous;200;391;51,15089514;200;T;UBE2Z;https://www.ncbi.nlm.nih.gov/snp/rs1058018
23-3372_S47 (paired) (MutationTest, OA, KNOWN);17;47000251;SNV;C;T;No;1;Heterozygous;190;391;48,59335038;200;C;UBE2Z;https://www.ncbi.nlm.nih.gov/snp/rs1058018
23-3372_S47 (paired) (MutationTest, OA, KNOWN);19;41117869;SNV;A;A;Yes;1;Heterozygous;288;619;46,5266559;200;G;LTBP4;https://www.ncbi.nlm.nih.gov/snp/rs1131620
23-3372_S47 (paired) (MutationTest, OA, KNOWN);19;41117869;SNV;A;G;No;1;Heterozygous;330;619;53,31179321;200;A;LTBP4;https://www.ncbi.nlm.nih.gov/snp/rs1131620
23-3372_S47 (paired) (MutationTest, OA, KNOWN);19;46857286;SNV;G;G;Yes;1;Heterozygous;250;524;47,70992366;200;A;PPP5C;https://www.ncbi.nlm.nih.gov/snp/rs2075144
23-3372_S47 (paired) (MutationTest, OA, KNOWN);19;46857286;SNV;G;A;No;1;Heterozygous;273;524;52,09923664;200;G;PPP5C;https://www.ncbi.nlm.nih.gov/snp/rs2075144
23-3372_S47 (paired) (MutationTest, OA, KNOWN);21;47685939;SNV;A;A;Yes;1;Homozygous;710;717;99,0237099;200;G;MCM3AP;https://www.ncbi.nlm.nih.gov/snp/rs2839181
23-3372_S47 (paired) (MutationTest, OA, KNOWN);21;47685939;SNV;A;G;No;1;Unknown;7;717;0,976290098;200;A;MCM3AP;https://www.ncbi.nlm.nih.gov/snp/rs2839181
23-3372_S47 (paired) (MutationTest, OA, KNOWN);21;47703649;SNV;G;G;Yes;1;Unknown;2;402;0,497512438;200;A;MCM3AP;https://www.ncbi.nlm.nih.gov/snp/rs11702450
23-3372_S47 (paired) (MutationTest, OA, KNOWN);21;47703649;SNV;G;A;No;1;Homozygous;399;402;99,25373134;200;G;MCM3AP;https://www.ncbi.nlm.nih.gov/snp/rs11702450
