"Sample Name","Sample File Name","Panel","Marker Name","Dye Color","Allele 1","Allele 2","Size 1","Size 2","Height 1","Height 2","ADO","OS","SHP","OBA","SPA","SP","BIN","LPH","SPU","AN","BD","XTLK","PHR","CC","GQ"
"23-2996-G600LIZ-D50","H08_23-2996-G600LIZ-D50_F04_27-03-2024_23.fsa","SNPxPlexESSAI (snpxplex)","rs1058018","Blue","C","T","114.12","116.95","1864.0","2204.0","false","0.0","-2.0","-2.0","-2.0","-2.0","0.0","0.0","0.0","0.0","0.0","0.0","0.0","-2.0","Pass"
"23-2893-G600LIZ-D50","E08_23-2893-G600LIZ-D50_F04_27-03-2024_14.fsa","SNPxPlexESSAI (snpxplex)","rs1058018","Blue","C","T","114.12","117.07","12395.0","15261.0","false","0.0","-2.0","-2.0","-2.0","-2.0","0.0","0.0","0.0","0.0","0.0","0.0","0.0","-2.0","Pass"
"23-3017-G600LIZ-D50","F08_23-3017-G600LIZ-D50_F04_27-03-2024_17.fsa","SNPxPlexESSAI (snpxplex)","rs1058018","Blue","T","T","117.01","117.01","2502.0","2502.0","false","0.0","-2.0","-2.0","-2.0","-2.0","0.0","0.0","0.0","0.0","0.0","0.0","-2.0","-2.0","Pass"
"23-2983-G600LIZ-D50","G09_23-2983-G600LIZ-D50_F04_27-03-2024_21.fsa","SNPxPlexESSAI (snpxplex)","rs1058018","Blue","T","T","117.01","117.01","1424.0","1424.0","false","0.0","-2.0","-2.0","-2.0","-2.0","0.0","0.0","0.0","0.0","0.0","0.0","-2.0","-2.0","Pass"
"23-2950-G600LIZ-D50","A09_23-2950-G600LIZ-D50_F04_27-03-2024_03.fsa","SNPxPlexESSAI (snpxplex)","rs1058018","Blue","T","T","117.01","117.01","3001.0","3001.0","false","0.0","-2.0","-2.0","-2.0","-2.0","0.0","0.0","0.0","0.0","0.0","0.0","-2.0","-2.0","Pass"
"23-2917-G600LIZ-D50","F09_23-2917-G600LIZ-D50_F04_27-03-2024_18.fsa","SNPxPlexESSAI (snpxplex)","rs1058018","Blue","C","T","114.12","117.07","2329.0","2628.0","false","0.0","-2.0","-2.0","-2.0","-2.0","0.0","0.0","0.0","0.0","0.0","0.0","0.0","-2.0","Pass"
"23-2900-G600LIZ-D50","G08_23-2900-G600LIZ-D50_F04_27-03-2024_20.fsa","SNPxPlexESSAI (snpxplex)","rs1058018","Blue","C","T","114.12","117.01","8094.0","9973.0","false","0.0","-2.0","-2.0","-2.0","-2.0","0.0","0.0","0.0","0.0","0.0","0.0","0.0","-2.0","Pass"
"23-3067-G600LIZ-D50","D09_23-3067-G600LIZ-D50_F04_27-03-2024_12.fsa","SNPxPlexESSAI (snpxplex)","rs1058018","Blue","C","C","114.12","114.12","4476.0","4476.0","false","0.0","-2.0","-2.0","-2.0","-2.0","0.0","0.0","0.0","0.0","0.0","0.0","-2.0","-2.0","Pass"
"23-2942-G600LIZ-D50","C09_23-2942-G600LIZ-D50_F04_27-03-2024_09.fsa","SNPxPlexESSAI (snpxplex)","rs1058018","Blue","C","T","114.12","116.95","3202.0","3855.0","false","0.0","-2.0","-2.0","-2.0","-2.0","0.0","0.0","0.0","0.0","0.0","0.0","0.0","-2.0","Pass"
"23-2907-G600LIZ-D50","H09_23-2907-G600LIZ-D50_F04_27-03-2024_24.fsa","SNPxPlexESSAI (snpxplex)","rs1058018","Blue","C","T","114.12","117.07","1133.0","1234.0","false","0.0","-2.0","-2.0","-2.0","-2.0","0.0","0.0","0.0","0.0","0.0","0.0","0.0","-2.0","Pass"
"23-3372-G600LIZ-D50","B09_23-3372-G600LIZ-D50_F04_27-03-2024_06.fsa","SNPxPlexESSAI (snpxplex)","rs1058018","Blue","C","T","114.12","117.01","1865.0","2101.0","false","0.0","-2.0","-2.0","-2.0","-2.0","0.0","0.0","0.0","0.0","0.0","0.0","0.0","-2.0","Pass"
"23-2938-G600LIZ-D50","E09_23-2938-G600LIZ-D50_F04_27-03-2024_15.fsa","SNPxPlexESSAI (snpxplex)","rs1058018","Blue","T","T","117.01","117.01","2517.0","2517.0","false","0.0","-2.0","-2.0","-2.0","-2.0","0.0","0.0","0.0","0.0","0.0","0.0","-2.0","-2.0","Pass"
"23-2996-G600LIZ-D50","H08_23-2996-G600LIZ-D50_F04_27-03-2024_23.fsa","SNPxPlexESSAI (snpxplex)","rs1065483","Blue","G","G","139.41","139.41","886.0","886.0","false","0.0","-2.0","-2.0","-2.0","-2.0","0.0","0.0","0.0","0.0","0.0","0.0","-2.0","-2.0","Pass"
"23-2893-G600LIZ-D50","E08_23-2893-G600LIZ-D50_F04_27-03-2024_14.fsa","SNPxPlexESSAI (snpxplex)","rs1065483","Blue","G","A","139.29","142.17","2983.0","13618.0","false","0.0","-2.0","-2.0","-2.0","-2.0","0.0","0.0","0.0","0.0","0.0","0.0","0.0","-2.0","Pass"
"23-3017-G600LIZ-D50","F08_23-3017-G600LIZ-D50_F04_27-03-2024_17.fsa","SNPxPlexESSAI (snpxplex)","rs1065483","Blue","G","A","139.41","142.16","334.0","1857.0","false","0.0","-2.0","-2.0","-2.0","-2.0","0.0","0.0","0.0","0.0","0.0","0.0","0.0","-2.0","Pass"
"23-2983-G600LIZ-D50","G09_23-2983-G600LIZ-D50_F04_27-03-2024_21.fsa","SNPxPlexESSAI (snpxplex)","rs1065483","Blue","G","A","139.3","142.17","243.0","1049.0","false","0.0","-2.0","-2.0","-2.0","-2.0","0.0","0.0","0.0","0.0","0.0","0.0","0.0","-2.0","Pass"
"23-2950-G600LIZ-D50","A09_23-2950-G600LIZ-D50_F04_27-03-2024_03.fsa","SNPxPlexESSAI (snpxplex)","rs1065483","Blue","G","G","139.42","139.42","1085.0","1085.0","false","0.0","-2.0","-2.0","-2.0","-2.0","0.0","0.0","0.0","0.0","0.0","0.0","-2.0","-2.0","Pass"
"23-2917-G600LIZ-D50","F09_23-2917-G600LIZ-D50_F04_27-03-2024_18.fsa","SNPxPlexESSAI (snpxplex)","rs1065483","Blue","G","A","139.29","142.17","598.0","2170.0","false","0.0","-2.0","-2.0","-2.0","-2.0","0.0","0.0","0.0","0.0","0.0","0.0","0.0","-2.0","Pass"
"23-2900-G600LIZ-D50","G08_23-2900-G600LIZ-D50_F04_27-03-2024_20.fsa","SNPxPlexESSAI (snpxplex)","rs1065483","Blue","G","A","139.42","142.16","2144.0","7810.0","false","0.0","-2.0","-2.0","-2.0","-2.0","0.0","0.0","0.0","0.0","0.0","0.0","0.0","-2.0","Pass"
"23-3067-G600LIZ-D50","D09_23-3067-G600LIZ-D50_F04_27-03-2024_12.fsa","SNPxPlexESSAI (snpxplex)","rs1065483","Blue","G","A","139.3","142.15","661.0","2215.0","false","0.0","-2.0","-2.0","-2.0","-2.0","0.0","0.0","0.0","0.0","0.0","0.0","0.0","-2.0","Pass"
"23-2942-G600LIZ-D50","C09_23-2942-G600LIZ-D50_F04_27-03-2024_09.fsa","SNPxPlexESSAI (snpxplex)","rs1065483","Blue","G","A","139.41","142.16","841.0","3344.0","false","0.0","-2.0","-2.0","-2.0","-2.0","0.0","0.0","0.0","0.0","0.0","0.0","0.0","-2.0","Pass"
"23-2907-G600LIZ-D50","H09_23-2907-G600LIZ-D50_F04_27-03-2024_24.fsa","SNPxPlexESSAI (snpxplex)","rs1065483","Blue","G","G","139.41","139.41","677.0","677.0","false","0.0","-2.0","-2.0","-2.0","-2.0","0.0","0.0","0.0","0.0","0.0","0.0","-2.0","-2.0","Pass"
"23-3372-G600LIZ-D50","B09_23-3372-G600LIZ-D50_F04_27-03-2024_06.fsa","SNPxPlexESSAI (snpxplex)","rs1065483","Blue","G","A","139.42","142.14","326.0","1864.0","false","0.0","-2.0","-2.0","-2.0","-2.0","0.0","0.0","0.0","0.0","0.0","0.0","0.0","-2.0","Pass"
"23-2938-G600LIZ-D50","E09_23-2938-G600LIZ-D50_F04_27-03-2024_15.fsa","SNPxPlexESSAI (snpxplex)","rs1065483","Blue","G","A","139.41","142.16","522.0","1883.0","false","0.0","-2.0","-2.0","-2.0","-2.0","0.0","0.0","0.0","0.0","0.0","0.0","0.0","-2.0","Pass"
"23-2996-G600LIZ-D50","H08_23-2996-G600LIZ-D50_F04_27-03-2024_23.fsa","SNPxPlexESSAI (snpxplex)","rs11059924","Blue","C","T","155.95","158.81","2383.0","2886.0","false","0.0","-2.0","-2.0","-2.0","-2.0","0.0","0.0","0.0","0.0","0.0","0.0","0.0","-2.0","Pass"
"23-2996-G600LIZ-D50","H08_23-2996-G600LIZ-D50_F04_27-03-2024_23.fsa","SNPxPlexESSAI (snpxplex)","rs1131620","Blue","G","G","191.07","191.07","991.0","991.0","false","0.0","-2.0","-2.0","-2.0","-2.0","0.0","0.0","0.0","0.0","0.0","0.0","-2.0","-2.0","Pass"
"23-2893-G600LIZ-D50","E08_23-2893-G600LIZ-D50_F04_27-03-2024_14.fsa","SNPxPlexESSAI (snpxplex)","rs1131620","Blue","A","G","188.15","191.21","7834.0","2572.0","false","0.0","-2.0","-2.0","-2.0","-2.0","0.0","0.0","0.0","0.0","0.0","0.0","0.0","-2.0","Pass"
"23-3017-G600LIZ-D50","F08_23-3017-G600LIZ-D50_F04_27-03-2024_17.fsa","SNPxPlexESSAI (snpxplex)","rs1131620","Blue","A","G","188.14","191.08","1088.0","347.0","false","0.0","-2.0","-2.0","-2.0","-2.0","0.0","0.0","0.0","0.0","0.0","0.0","0.0","-2.0","Pass"
"23-2983-G600LIZ-D50","G09_23-2983-G600LIZ-D50_F04_27-03-2024_21.fsa","SNPxPlexESSAI (snpxplex)","rs1131620","Blue","A","A","187.97","187.97","1132.0","1132.0","false","0.0","-2.0","-2.0","-2.0","-2.0","0.0","0.0","0.0","0.0","0.0","0.0","-2.0","-2.0","Pass"
"23-2950-G600LIZ-D50","A09_23-2950-G600LIZ-D50_F04_27-03-2024_03.fsa","SNPxPlexESSAI (snpxplex)","rs1131620","Blue","A","G","188.11","191.12","1546.0","477.0","false","0.0","-2.0","-2.0","-2.0","-2.0","0.0","0.0","0.0","0.0","0.0","0.0","0.0","-2.0","Pass"
"23-2917-G600LIZ-D50","F09_23-2917-G600LIZ-D50_F04_27-03-2024_18.fsa","SNPxPlexESSAI (snpxplex)","rs1131620","Blue","A","G","187.97","191.01","1632.0","583.0","false","0.0","-2.0","-2.0","-2.0","-2.0","0.0","0.0","0.0","0.0","0.0","0.0","0.0","-2.0","Pass"
"23-2900-G600LIZ-D50","G08_23-2900-G600LIZ-D50_F04_27-03-2024_20.fsa","SNPxPlexESSAI (snpxplex)","rs1131620","Blue","A","A","188.09","188.09","9499.0","9499.0","false","0.0","-2.0","-2.0","-2.0","-2.0","0.0","0.0","0.0","0.0","0.0","0.0","-2.0","-2.0","Pass"
"23-3067-G600LIZ-D50","D09_23-3067-G600LIZ-D50_F04_27-03-2024_12.fsa","SNPxPlexESSAI (snpxplex)","rs1131620","Blue","A","A","187.99","187.99","2395.0","2395.0","false","0.0","-2.0","-2.0","-2.0","-2.0","0.0","0.0","0.0","0.0","0.0","0.0","-2.0","-2.0","Pass"
"23-2942-G600LIZ-D50","C09_23-2942-G600LIZ-D50_F04_27-03-2024_09.fsa","SNPxPlexESSAI (snpxplex)","rs1131620","Blue","A","G","188.1","191.15","1840.0","612.0","false","0.0","-2.0","-2.0","-2.0","-2.0","0.0","0.0","0.0","0.0","0.0","0.0","0.0","-2.0","Pass"
"23-2907-G600LIZ-D50","H09_23-2907-G600LIZ-D50_F04_27-03-2024_24.fsa","SNPxPlexESSAI (snpxplex)","rs1131620","Blue","A","A","188.1","188.1","1348.0","1348.0","false","0.0","-2.0","-2.0","-2.0","-2.0","0.0","0.0","0.0","0.0","0.0","0.0","-2.0","-2.0","Pass"
"23-3372-G600LIZ-D50","B09_23-3372-G600LIZ-D50_F04_27-03-2024_06.fsa","SNPxPlexESSAI (snpxplex)","rs1131620","Blue","A","G","187.92","190.94","1410.0","458.0","false","0.0","-2.0","-2.0","-2.0","-2.0","0.0","0.0","0.0","0.0","0.0","0.0","0.0","-2.0","Pass"
"23-2938-G600LIZ-D50","E09_23-2938-G600LIZ-D50_F04_27-03-2024_15.fsa","SNPxPlexESSAI (snpxplex)","rs1131620","Blue","G","G","191.09","191.09","873.0","873.0","false","0.0","-2.0","-2.0","-2.0","-2.0","0.0","0.0","0.0","0.0","0.0","0.0","-2.0","-2.0","Pass"
"23-2996-G600LIZ-D50","H08_23-2996-G600LIZ-D50_F04_27-03-2024_23.fsa","SNPxPlexESSAI (snpxplex)","rs11702450","Blue","G","A","97.91","101.0","3300.0","3489.0","false","0.0","-2.0","-2.0","-2.0","-2.0","0.0","0.0","0.0","0.0","0.0","0.0","0.0","-2.0","Pass"
"23-2893-G600LIZ-D50","E08_23-2893-G600LIZ-D50_F04_27-03-2024_14.fsa","SNPxPlexESSAI (snpxplex)","rs11702450","Blue","G","A","98.02","101.01","20680.0","20997.0","false","1.0","-2.0","-2.0","-2.0","-2.0","0.0","0.0","0.0","0.0","0.0","0.0","0.0","-2.0","Pass"
"23-3017-G600LIZ-D50","F08_23-3017-G600LIZ-D50_F04_27-03-2024_17.fsa","SNPxPlexESSAI (snpxplex)","rs11702450","Blue","G","A","97.91","100.89","2966.0","3132.0","false","0.0","-2.0","-2.0","-2.0","-2.0","0.0","0.0","0.0","0.0","0.0","0.0","0.0","-2.0","Pass"
"23-2983-G600LIZ-D50","G09_23-2983-G600LIZ-D50_F04_27-03-2024_21.fsa","SNPxPlexESSAI (snpxplex)","rs11702450","Blue","G","A","97.91","101.0","1836.0","1840.0","false","0.0","-2.0","-2.0","-2.0","-2.0","0.0","0.0","0.0","0.0","0.0","0.0","0.0","-2.0","Pass"
"23-2950-G600LIZ-D50","A09_23-2950-G600LIZ-D50_F04_27-03-2024_03.fsa","SNPxPlexESSAI (snpxplex)","rs11702450","Blue","G","G","97.92","97.92","5763.0","5763.0","false","0.0","-2.0","-2.0","-2.0","-2.0","0.0","0.0","0.0","0.0","0.0","0.0","-2.0","-2.0","Pass"
"23-2917-G600LIZ-D50","F09_23-2917-G600LIZ-D50_F04_27-03-2024_18.fsa","SNPxPlexESSAI (snpxplex)","rs11702450","Blue","G","G","97.9","97.9","6095.0","6095.0","false","0.0","-2.0","-2.0","-2.0","-2.0","0.0","0.0","0.0","0.0","0.0","0.0","-2.0","-2.0","Pass"
"23-2900-G600LIZ-D50","G08_23-2900-G600LIZ-D50_F04_27-03-2024_20.fsa","SNPxPlexESSAI (snpxplex)","rs11702450","Blue","G","G","97.91","97.91","20915.0","20915.0","false","1.0","-2.0","-2.0","-2.0","-2.0","0.0","0.0","0.0","0.0","0.0","0.0","-2.0","-2.0","Pass"
"23-3067-G600LIZ-D50","D09_23-3067-G600LIZ-D50_F04_27-03-2024_12.fsa","SNPxPlexESSAI (snpxplex)","rs11702450","Blue","A","A","101.0","101.0","6273.0","6273.0","false","0.0","-2.0","-2.0","-2.0","-2.0","0.0","0.0","0.0","0.0","0.0","0.0","-2.0","-2.0","Pass"
"23-2942-G600LIZ-D50","C09_23-2942-G600LIZ-D50_F04_27-03-2024_09.fsa","SNPxPlexESSAI (snpxplex)","rs11702450","Blue","G","G","98.02","98.02","8933.0","8933.0","false","0.0","-2.0","-2.0","-2.0","-2.0","0.0","0.0","0.0","0.0","0.0","0.0","-2.0","-2.0","Pass"
"23-2907-G600LIZ-D50","H09_23-2907-G600LIZ-D50_F04_27-03-2024_24.fsa","SNPxPlexESSAI (snpxplex)","rs11702450","Blue","G","A","97.91","101.01","1937.0","1968.0","false","0.0","-2.0","-2.0","-2.0","-2.0","0.0","0.0","0.0","0.0","0.0","0.0","0.0","-2.0","Pass"
"23-3372-G600LIZ-D50","B09_23-3372-G600LIZ-D50_F04_27-03-2024_06.fsa","SNPxPlexESSAI (snpxplex)","rs11702450","Blue","A","A","100.88","100.88","5055.0","5055.0","false","0.0","-2.0","-2.0","-2.0","-2.0","0.0","0.0","0.0","0.0","0.0","0.0","-2.0","-2.0","Pass"
"23-2938-G600LIZ-D50","E09_23-2938-G600LIZ-D50_F04_27-03-2024_15.fsa","SNPxPlexESSAI (snpxplex)","rs11702450","Blue","G","G","97.9","97.9","4762.0","4762.0","false","0.0","-2.0","-2.0","-2.0","-2.0","0.0","0.0","0.0","0.0","0.0","0.0","-2.0","-2.0","Pass"
"23-2996-G600LIZ-D50","H08_23-2996-G600LIZ-D50_F04_27-03-2024_23.fsa","SNPxPlexESSAI (snpxplex)","rs2075144","Blue","A","A","166.11","166.11","3760.0","3760.0","false","0.0","-2.0","-2.0","-2.0","-2.0","0.0","0.0","0.0","0.0","0.0","0.0","-2.0","-2.0","Pass"
"23-2893-G600LIZ-D50","E08_23-2893-G600LIZ-D50_F04_27-03-2024_14.fsa","SNPxPlexESSAI (snpxplex)","rs2075144","Blue","G","A","162.59","166.22","6771.0","17050.0","false","0.0","-2.0","-2.0","-2.0","-2.0","0.0","0.0","0.0","0.0","0.0","0.0","0.0","-2.0","Pass"
"23-3017-G600LIZ-D50","F08_23-3017-G600LIZ-D50_F04_27-03-2024_17.fsa","SNPxPlexESSAI (snpxplex)","rs2075144","Blue","A","A","166.14","166.14","3618.0","3618.0","false","0.0","-2.0","-2.0","-2.0","-2.0","0.0","0.0","0.0","0.0","0.0","0.0","-2.0","-2.0","Pass"
"23-2983-G600LIZ-D50","G09_23-2983-G600LIZ-D50_F04_27-03-2024_21.fsa","SNPxPlexESSAI (snpxplex)","rs2075144","Blue","G","A","162.59","166.23","472.0","1323.0","false","0.0","-2.0","-2.0","-2.0","-2.0","0.0","0.0","0.0","0.0","0.0","0.0","0.0","-2.0","Pass"
"23-2950-G600LIZ-D50","A09_23-2950-G600LIZ-D50_F04_27-03-2024_03.fsa","SNPxPlexESSAI (snpxplex)","rs2075144","Blue","A","A","166.19","166.19","4457.0","4457.0","false","0.0","-2.0","-2.0","-2.0","-2.0","0.0","0.0","0.0","0.0","0.0","0.0","-2.0","-2.0","Pass"
"23-2917-G600LIZ-D50","F09_23-2917-G600LIZ-D50_F04_27-03-2024_18.fsa","SNPxPlexESSAI (snpxplex)","rs2075144","Blue","G","G","162.59","162.59","2968.0","2968.0","false","0.0","-2.0","-2.0","-2.0","-2.0","0.0","0.0","0.0","0.0","0.0","0.0","-2.0","-2.0","Pass"
"23-2900-G600LIZ-D50","G08_23-2900-G600LIZ-D50_F04_27-03-2024_20.fsa","SNPxPlexESSAI (snpxplex)","rs2075144","Blue","G","A","162.47","166.11","4107.0","11038.0","false","0.0","-2.0","-2.0","-2.0","-2.0","0.0","0.0","0.0","0.0","0.0","0.0","0.0","-2.0","Pass"
"23-3067-G600LIZ-D50","D09_23-3067-G600LIZ-D50_F04_27-03-2024_12.fsa","SNPxPlexESSAI (snpxplex)","rs2075144","Blue","G","A","162.6","166.14","1140.0","3005.0","false","0.0","-2.0","-2.0","-2.0","-2.0","0.0","0.0","0.0","0.0","0.0","0.0","0.0","-2.0","Pass"
"23-2942-G600LIZ-D50","C09_23-2942-G600LIZ-D50_F04_27-03-2024_09.fsa","SNPxPlexESSAI (snpxplex)","rs2075144","Blue","G","A","162.6","166.14","1593.0","4082.0","false","0.0","-2.0","-2.0","-2.0","-2.0","0.0","0.0","0.0","0.0","0.0","0.0","0.0","-2.0","Pass"
"23-2907-G600LIZ-D50","H09_23-2907-G600LIZ-D50_F04_27-03-2024_24.fsa","SNPxPlexESSAI (snpxplex)","rs2075144","Blue","G","A","162.7","166.22","582.0","1416.0","false","0.0","-2.0","-2.0","-2.0","-2.0","0.0","0.0","0.0","0.0","0.0","0.0","0.0","-2.0","Pass"
"23-3372-G600LIZ-D50","B09_23-3372-G600LIZ-D50_F04_27-03-2024_06.fsa","SNPxPlexESSAI (snpxplex)","rs2075144","Blue","G","A","162.47","166.11","872.0","2260.0","false","0.0","-2.0","-2.0","-2.0","-2.0","0.0","0.0","0.0","0.0","0.0","0.0","0.0","-2.0","Pass"
"23-2938-G600LIZ-D50","E09_23-2938-G600LIZ-D50_F04_27-03-2024_15.fsa","SNPxPlexESSAI (snpxplex)","rs2075144","Blue","G","A","162.6","166.14","912.0","2381.0","false","0.0","-2.0","-2.0","-2.0","-2.0","0.0","0.0","0.0","0.0","0.0","0.0","0.0","-2.0","Pass"
"23-2996-G600LIZ-D50","H08_23-2996-G600LIZ-D50_F04_27-03-2024_23.fsa","SNPxPlexESSAI (snpxplex)","rs2231926","Blue","G","G","206.54","206.54","1809.0","1809.0","false","0.0","-2.0","-2.0","-2.0","-2.0","0.0","0.0","0.0","0.0","0.0","0.0","-2.0","-2.0","Pass"
"23-2893-G600LIZ-D50","E08_23-2893-G600LIZ-D50_F04_27-03-2024_14.fsa","SNPxPlexESSAI (snpxplex)","rs2231926","Blue","A","A","203.34","203.34","25797.0","25797.0","false","1.0","-2.0","-2.0","-2.0","-2.0","0.0","0.0","0.0","0.0","0.0","0.0","-2.0","-2.0","Pass"
"23-3017-G600LIZ-D50","F08_23-3017-G600LIZ-D50_F04_27-03-2024_17.fsa","SNPxPlexESSAI (snpxplex)","rs2231926","Blue","A","G","203.35","206.47","3250.0","715.0","false","0.0","-2.0","-2.0","-2.0","-2.0","0.0","0.0","0.0","0.0","0.0","0.0","0.0","-2.0","Pass"
"23-2983-G600LIZ-D50","G09_23-2983-G600LIZ-D50_F04_27-03-2024_21.fsa","SNPxPlexESSAI (snpxplex)","rs2231926","Blue","A","G","203.36","206.49","1788.0","438.0","false","0.0","-2.0","-2.0","-2.0","-2.0","0.0","0.0","0.0","0.0","0.0","0.0","0.0","-2.0","Pass"
"23-2950-G600LIZ-D50","A09_23-2950-G600LIZ-D50_F04_27-03-2024_03.fsa","SNPxPlexESSAI (snpxplex)","rs2231926","Blue","A","A","203.34","203.34","5335.0","5335.0","false","0.0","-2.0","-2.0","-2.0","-2.0","0.0","0.0","0.0","0.0","0.0","0.0","-2.0","-2.0","Pass"
"23-2917-G600LIZ-D50","F09_23-2917-G600LIZ-D50_F04_27-03-2024_18.fsa","SNPxPlexESSAI (snpxplex)","rs2231926","Blue","G","G","206.49","206.49","2601.0","2601.0","false","0.0","-2.0","-2.0","-2.0","-2.0","0.0","0.0","0.0","0.0","0.0","0.0","-2.0","-2.0","Pass"
"23-2900-G600LIZ-D50","G08_23-2900-G600LIZ-D50_F04_27-03-2024_20.fsa","SNPxPlexESSAI (snpxplex)","rs2231926","Blue","A","G","203.36","206.49","15027.0","3679.0","false","0.0","-2.0","-2.0","-2.0","-2.0","0.0","0.0","0.0","0.0","0.0","0.0","0.0","-2.0","Pass"
"23-3067-G600LIZ-D50","D09_23-3067-G600LIZ-D50_F04_27-03-2024_12.fsa","SNPxPlexESSAI (snpxplex)","rs2231926","Blue","G","G","206.41","206.41","2632.0","2632.0","false","0.0","-2.0","-2.0","-2.0","-2.0","0.0","0.0","0.0","0.0","0.0","0.0","-2.0","-2.0","Pass"
"23-2942-G600LIZ-D50","C09_23-2942-G600LIZ-D50_F04_27-03-2024_09.fsa","SNPxPlexESSAI (snpxplex)","rs2231926","Blue","A","G","203.32","206.41","5569.0","1379.0","false","0.0","-2.0","-2.0","-2.0","-2.0","0.0","0.0","0.0","0.0","0.0","0.0","0.0","-2.0","Pass"
"23-2907-G600LIZ-D50","H09_23-2907-G600LIZ-D50_F04_27-03-2024_24.fsa","SNPxPlexESSAI (snpxplex)","rs2231926","Blue","A","G","203.33","206.55","1941.0","472.0","false","0.0","-2.0","-2.0","-2.0","-2.0","0.0","0.0","0.0","0.0","0.0","0.0","0.0","-2.0","Pass"
"23-3372-G600LIZ-D50","B09_23-3372-G600LIZ-D50_F04_27-03-2024_06.fsa","SNPxPlexESSAI (snpxplex)","rs2231926","Blue","A","A","203.24","203.24","4021.0","4021.0","false","0.0","-2.0","-2.0","-2.0","-2.0","0.0","0.0","0.0","0.0","0.0","0.0","-2.0","-2.0","Pass"
"23-2938-G600LIZ-D50","E09_23-2938-G600LIZ-D50_F04_27-03-2024_15.fsa","SNPxPlexESSAI (snpxplex)","rs2231926","Blue","A","G","203.32","206.53","3334.0","866.0","false","0.0","-2.0","-2.0","-2.0","-2.0","0.0","0.0","0.0","0.0","0.0","0.0","0.0","-2.0","Pass"
"23-2996-G600LIZ-D50","H08_23-2996-G600LIZ-D50_F04_27-03-2024_23.fsa","SNPxPlexESSAI (snpxplex)","rs2839181","Blue","A","G","146.79","150.0","2298.0","900.0","false","0.0","-2.0","-2.0","-2.0","-2.0","0.0","0.0","0.0","0.0","0.0","0.0","0.0","-2.0","Pass"
"23-2893-G600LIZ-D50","E08_23-2893-G600LIZ-D50_F04_27-03-2024_14.fsa","SNPxPlexESSAI (snpxplex)","rs2839181","Blue","A","G","146.87","150.01","15593.0","7076.0","false","0.0","-2.0","-2.0","-2.0","-2.0","0.0","0.0","0.0","0.0","0.0","0.0","0.0","-2.0","Pass"
"23-3017-G600LIZ-D50","F08_23-3017-G600LIZ-D50_F04_27-03-2024_17.fsa","SNPxPlexESSAI (snpxplex)","rs2839181","Blue","A","G","146.83","149.94","2066.0","924.0","false","0.0","-2.0","-2.0","-2.0","-2.0","0.0","0.0","0.0","0.0","0.0","0.0","0.0","-2.0","Pass"
"23-2983-G600LIZ-D50","G09_23-2983-G600LIZ-D50_F04_27-03-2024_21.fsa","SNPxPlexESSAI (snpxplex)","rs2839181","Blue","A","G","146.87","150.0","1306.0","514.0","false","0.0","-2.0","-2.0","-2.0","-2.0","0.0","0.0","0.0","0.0","0.0","0.0","0.0","-2.0","Pass"
"23-2950-G600LIZ-D50","A09_23-2950-G600LIZ-D50_F04_27-03-2024_03.fsa","SNPxPlexESSAI (snpxplex)","rs2839181","Blue","A","G","146.79","150.0","2644.0","1130.0","false","0.0","-2.0","-2.0","-2.0","-2.0","0.0","0.0","0.0","0.0","0.0","0.0","0.0","-2.0","Pass"
"23-2917-G600LIZ-D50","F09_23-2917-G600LIZ-D50_F04_27-03-2024_18.fsa","SNPxPlexESSAI (snpxplex)","rs2839181","Blue","A","G","146.87","150.01","2923.0","1120.0","false","0.0","-2.0","-2.0","-2.0","-2.0","0.0","0.0","0.0","0.0","0.0","0.0","0.0","-2.0","Pass"
"23-2900-G600LIZ-D50","G08_23-2900-G600LIZ-D50_F04_27-03-2024_20.fsa","SNPxPlexESSAI (snpxplex)","rs2839181","Blue","A","G","146.83","149.94","10394.0","3831.0","false","0.0","-2.0","-2.0","-2.0","-2.0","0.0","0.0","0.0","0.0","0.0","0.0","0.0","-2.0","Pass"
"23-3067-G600LIZ-D50","D09_23-3067-G600LIZ-D50_F04_27-03-2024_12.fsa","SNPxPlexESSAI (snpxplex)","rs2839181","Blue","A","A","146.82","146.82","4507.0","4507.0","false","0.0","-2.0","-2.0","-2.0","-2.0","0.0","0.0","0.0","0.0","0.0","0.0","-2.0","-2.0","Pass"
"23-2942-G600LIZ-D50","C09_23-2942-G600LIZ-D50_F04_27-03-2024_09.fsa","SNPxPlexESSAI (snpxplex)","rs2839181","Blue","A","A","146.83","146.83","6109.0","6109.0","false","0.0","-2.0","-2.0","-2.0","-2.0","0.0","0.0","0.0","0.0","0.0","0.0","-2.0","-2.0","Pass"
"23-2907-G600LIZ-D50","H09_23-2907-G600LIZ-D50_F04_27-03-2024_24.fsa","SNPxPlexESSAI (snpxplex)","rs2839181","Blue","A","G","146.95","150.07","1388.0","557.0","false","0.0","-2.0","-2.0","-2.0","-2.0","0.0","0.0","0.0","0.0","0.0","0.0","0.0","-2.0","Pass"
"23-3372-G600LIZ-D50","B09_23-3372-G600LIZ-D50_F04_27-03-2024_06.fsa","SNPxPlexESSAI (snpxplex)","rs2839181","Blue","A","A","146.79","146.79","3360.0","3360.0","false","0.0","-2.0","-2.0","-2.0","-2.0","0.0","0.0","0.0","0.0","0.0","0.0","-2.0","-2.0","Pass"
"23-2938-G600LIZ-D50","E09_23-2938-G600LIZ-D50_F04_27-03-2024_15.fsa","SNPxPlexESSAI (snpxplex)","rs2839181","Blue","A","A","146.83","146.83","3611.0","3611.0","false","0.0","-2.0","-2.0","-2.0","-2.0","0.0","0.0","0.0","0.0","0.0","0.0","-2.0","-2.0","Pass"
"23-2996-G600LIZ-D50","H08_23-2996-G600LIZ-D50_F04_27-03-2024_23.fsa","SNPxPlexESSAI (snpxplex)","rs352169","Blue","G","A","213.66","216.66","498.0","1369.0","false","0.0","-2.0","-2.0","-2.0","-2.0","0.0","0.0","0.0","0.0","0.0","0.0","0.0","-2.0","Pass"
"23-2893-G600LIZ-D50","E08_23-2893-G600LIZ-D50_F04_27-03-2024_14.fsa","SNPxPlexESSAI (snpxplex)","rs352169","Blue","A","A","216.66","216.66","22849.0","22849.0","false","1.0","-2.0","-2.0","-2.0","-2.0","0.0","0.0","0.0","0.0","0.0","0.0","-2.0","-2.0","Pass"
"23-3017-G600LIZ-D50","F08_23-3017-G600LIZ-D50_F04_27-03-2024_17.fsa","SNPxPlexESSAI (snpxplex)","rs352169","Blue","G","A","213.65","216.71","538.0","1380.0","false","0.0","-2.0","-2.0","-2.0","-2.0","0.0","0.0","0.0","0.0","0.0","0.0","0.0","-2.0","Pass"
"23-2983-G600LIZ-D50","G09_23-2983-G600LIZ-D50_F04_27-03-2024_21.fsa","SNPxPlexESSAI (snpxplex)","rs352169","Blue","G","A","213.77","216.66","342.0","906.0","false","0.0","-2.0","-2.0","-2.0","-2.0","0.0","0.0","0.0","0.0","0.0","0.0","0.0","-2.0","Pass"
"23-2950-G600LIZ-D50","A09_23-2950-G600LIZ-D50_F04_27-03-2024_03.fsa","SNPxPlexESSAI (snpxplex)","rs352169","Blue","G","A","213.66","216.61","667.0","1795.0","false","0.0","-2.0","-2.0","-2.0","-2.0","0.0","0.0","0.0","0.0","0.0","0.0","0.0","-2.0","Pass"
"23-2917-G600LIZ-D50","F09_23-2917-G600LIZ-D50_F04_27-03-2024_18.fsa","SNPxPlexESSAI (snpxplex)","rs352169","Blue","G","A","213.65","216.66","789.0","2085.0","false","0.0","-2.0","-2.0","-2.0","-2.0","0.0","0.0","0.0","0.0","0.0","0.0","0.0","-2.0","Pass"
"23-2900-G600LIZ-D50","G08_23-2900-G600LIZ-D50_F04_27-03-2024_20.fsa","SNPxPlexESSAI (snpxplex)","rs352169","Blue","A","A","216.66","216.66","14271.0","14271.0","false","0.0","-2.0","-2.0","-2.0","-2.0","0.0","0.0","0.0","0.0","0.0","0.0","-2.0","-2.0","Pass"
"23-3067-G600LIZ-D50","D09_23-3067-G600LIZ-D50_F04_27-03-2024_12.fsa","SNPxPlexESSAI (snpxplex)","rs352169","Blue","A","A","216.59","216.59","4210.0","4210.0","false","0.0","-2.0","-2.0","-2.0","-2.0","0.0","0.0","0.0","0.0","0.0","0.0","-2.0","-2.0","Pass"
"23-2942-G600LIZ-D50","C09_23-2942-G600LIZ-D50_F04_27-03-2024_09.fsa","SNPxPlexESSAI (snpxplex)","rs352169","Blue","G","A","213.65","216.71","1047.0","2648.0","false","0.0","-2.0","-2.0","-2.0","-2.0","0.0","0.0","0.0","0.0","0.0","0.0","0.0","-2.0","Pass"
"23-2907-G600LIZ-D50","H09_23-2907-G600LIZ-D50_F04_27-03-2024_24.fsa","SNPxPlexESSAI (snpxplex)","rs352169","Blue","G","A","213.66","216.66","354.0","987.0","false","0.0","-2.0","-2.0","-2.0","-2.0","0.0","0.0","0.0","0.0","0.0","0.0","0.0","-2.0","Pass"
"23-3372-G600LIZ-D50","B09_23-3372-G600LIZ-D50_F04_27-03-2024_06.fsa","SNPxPlexESSAI (snpxplex)","rs352169","Blue","G","A","213.65","216.66","364.0","1080.0","false","0.0","-2.0","-2.0","-2.0","-2.0","0.0","0.0","0.0","0.0","0.0","0.0","0.0","-2.0","Pass"
"23-2938-G600LIZ-D50","E09_23-2938-G600LIZ-D50_F04_27-03-2024_15.fsa","SNPxPlexESSAI (snpxplex)","rs352169","Blue","A","A","216.59","216.59","3530.0","3530.0","false","0.0","-2.0","-2.0","-2.0","-2.0","0.0","0.0","0.0","0.0","0.0","0.0","-2.0","-2.0","Pass"
"23-2996-G600LIZ-D50","H08_23-2996-G600LIZ-D50_F04_27-03-2024_23.fsa","SNPxPlexESSAI (snpxplex)","rs3738494","Blue","T","T","135.31","135.31","5434.0","5434.0","false","0.0","-2.0","-2.0","-2.0","-2.0","0.0","0.0","0.0","0.0","0.0","0.0","-2.0","-2.0","Pass"
"23-2893-G600LIZ-D50","E08_23-2893-G600LIZ-D50_F04_27-03-2024_14.fsa","SNPxPlexESSAI (snpxplex)","rs3738494","Blue","C","C","132.21","132.21","27409.0","27409.0","false","1.0","-2.0","-2.0","-2.0","-2.0","0.0","0.0","0.0","0.0","0.0","0.0","-2.0","-2.0","Pass"
"23-3017-G600LIZ-D50","F08_23-3017-G600LIZ-D50_F04_27-03-2024_17.fsa","SNPxPlexESSAI (snpxplex)","rs3738494","Blue","T","T","135.42","135.42","5152.0","5152.0","false","0.0","-2.0","-2.0","-2.0","-2.0","0.0","0.0","0.0","0.0","0.0","0.0","-2.0","-2.0","Pass"
"23-2983-G600LIZ-D50","G09_23-2983-G600LIZ-D50_F04_27-03-2024_21.fsa","SNPxPlexESSAI (snpxplex)","rs3738494","Blue","C","C","132.29","132.29","3289.0","3289.0","false","0.0","-2.0","-2.0","-2.0","-2.0","0.0","0.0","0.0","0.0","0.0","0.0","-2.0","-2.0","Pass"
"23-2950-G600LIZ-D50","A09_23-2950-G600LIZ-D50_F04_27-03-2024_03.fsa","SNPxPlexESSAI (snpxplex)","rs3738494","Blue","C","C","132.35","132.35","7312.0","7312.0","false","0.0","-2.0","-2.0","-2.0","-2.0","0.0","0.0","0.0","0.0","0.0","0.0","-2.0","-2.0","Pass"
"23-2917-G600LIZ-D50","F09_23-2917-G600LIZ-D50_F04_27-03-2024_18.fsa","SNPxPlexESSAI (snpxplex)","rs3738494","Blue","T","T","135.27","135.27","6532.0","6532.0","false","0.0","-2.0","-2.0","-2.0","-2.0","0.0","0.0","0.0","0.0","0.0","0.0","-2.0","-2.0","Pass"
"23-2900-G600LIZ-D50","G08_23-2900-G600LIZ-D50_F04_27-03-2024_20.fsa","SNPxPlexESSAI (snpxplex)","rs3738494","Blue","C","T","132.3","135.34","17364.0","14365.0","false","0.0","-2.0","-2.0","-2.0","-2.0","0.0","0.0","0.0","0.0","0.0","0.0","0.0","-2.0","Pass"
"23-3067-G600LIZ-D50","D09_23-3067-G600LIZ-D50_F04_27-03-2024_12.fsa","SNPxPlexESSAI (snpxplex)","rs3738494","Blue","T","T","135.34","135.34","6688.0","6688.0","false","0.0","-2.0","-2.0","-2.0","-2.0","0.0","0.0","0.0","0.0","0.0","0.0","-2.0","-2.0","Pass"
"23-2942-G600LIZ-D50","C09_23-2942-G600LIZ-D50_F04_27-03-2024_09.fsa","SNPxPlexESSAI (snpxplex)","rs3738494","Blue","C","T","132.21","135.28","6460.0","5475.0","false","0.0","-2.0","-2.0","-2.0","-2.0","0.0","0.0","0.0","0.0","0.0","0.0","0.0","-2.0","Pass"
"23-2907-G600LIZ-D50","H09_23-2907-G600LIZ-D50_F04_27-03-2024_24.fsa","SNPxPlexESSAI (snpxplex)","rs3738494","Blue","C","T","132.21","135.4","1949.0","1721.0","false","0.0","-2.0","-2.0","-2.0","-2.0","0.0","0.0","0.0","0.0","0.0","0.0","0.0","-2.0","Pass"
"23-3372-G600LIZ-D50","B09_23-3372-G600LIZ-D50_F04_27-03-2024_06.fsa","SNPxPlexESSAI (snpxplex)","rs3738494","Blue","C","C","132.31","132.31","5689.0","5689.0","false","0.0","-2.0","-2.0","-2.0","-2.0","0.0","0.0","0.0","0.0","0.0","0.0","-2.0","-2.0","Pass"
"23-2938-G600LIZ-D50","E09_23-2938-G600LIZ-D50_F04_27-03-2024_15.fsa","SNPxPlexESSAI (snpxplex)","rs3738494","Blue","C","T","132.37","135.42","3359.0","3095.0","false","0.0","-2.0","-2.0","-2.0","-2.0","0.0","0.0","0.0","0.0","0.0","0.0","0.0","-2.0","Pass"
"23-2996-G600LIZ-D50","H08_23-2996-G600LIZ-D50_F04_27-03-2024_23.fsa","SNPxPlexESSAI (snpxplex)","rs3739160","Blue","C","C","245.53","245.53","3487.0","3487.0","false","0.0","-2.0","-2.0","-2.0","-2.0","0.0","0.0","0.0","0.0","0.0","0.0","-2.0","-2.0","Pass"
"23-2893-G600LIZ-D50","E08_23-2893-G600LIZ-D50_F04_27-03-2024_14.fsa","SNPxPlexESSAI (snpxplex)","rs3739160","Blue","C","T","245.48","248.73","15030.0","13883.0","false","0.0","-2.0","-2.0","-2.0","-2.0","0.0","0.0","0.0","0.0","0.0","0.0","0.0","-2.0","Pass"
"23-3017-G600LIZ-D50","F08_23-3017-G600LIZ-D50_F04_27-03-2024_17.fsa","SNPxPlexESSAI (snpxplex)","rs3739160","Blue","T","T","248.73","248.73","3570.0","3570.0","false","0.0","-2.0","-2.0","-2.0","-2.0","0.0","0.0","0.0","0.0","0.0","0.0","-2.0","-2.0","Pass"
"23-2983-G600LIZ-D50","G09_23-2983-G600LIZ-D50_F04_27-03-2024_21.fsa","SNPxPlexESSAI (snpxplex)","rs3739160","Blue","C","T","245.48","248.84","1080.0","1013.0","false","0.0","-2.0","-2.0","-2.0","-2.0","0.0","0.0","0.0","0.0","0.0","0.0","0.0","-2.0","Pass"
"23-2950-G600LIZ-D50","A09_23-2950-G600LIZ-D50_F04_27-03-2024_03.fsa","SNPxPlexESSAI (snpxplex)","rs3739160","Blue","C","C","245.35","245.35","4351.0","4351.0","false","0.0","-2.0","-2.0","-2.0","-2.0","0.0","0.0","0.0","0.0","0.0","0.0","-2.0","-2.0","Pass"
"23-2917-G600LIZ-D50","F09_23-2917-G600LIZ-D50_F04_27-03-2024_18.fsa","SNPxPlexESSAI (snpxplex)","rs3739160","Blue","C","T","245.4","248.74","2708.0","2453.0","false","0.0","-2.0","-2.0","-2.0","-2.0","0.0","0.0","0.0","0.0","0.0","0.0","0.0","-2.0","Pass"
"23-2900-G600LIZ-D50","G08_23-2900-G600LIZ-D50_F04_27-03-2024_20.fsa","SNPxPlexESSAI (snpxplex)","rs3739160","Blue","C","T","245.48","248.73","10023.0","8919.0","false","0.0","-2.0","-2.0","-2.0","-2.0","0.0","0.0","0.0","0.0","0.0","0.0","0.0","-2.0","Pass"
"23-3067-G600LIZ-D50","D09_23-3067-G600LIZ-D50_F04_27-03-2024_12.fsa","SNPxPlexESSAI (snpxplex)","rs3739160","Blue","C","T","245.47","248.72","2460.0","2307.0","false","0.0","-2.0","-2.0","-2.0","-2.0","0.0","0.0","0.0","0.0","0.0","0.0","0.0","-2.0","Pass"
"23-2942-G600LIZ-D50","C09_23-2942-G600LIZ-D50_F04_27-03-2024_09.fsa","SNPxPlexESSAI (snpxplex)","rs3739160","Blue","T","T","248.71","248.71","5927.0","5927.0","false","0.0","-2.0","-2.0","-2.0","-2.0","0.0","0.0","0.0","0.0","0.0","0.0","-2.0","-2.0","Pass"
"23-2907-G600LIZ-D50","H09_23-2907-G600LIZ-D50_F04_27-03-2024_24.fsa","SNPxPlexESSAI (snpxplex)","rs3739160","Blue","C","C","245.48","245.48","2144.0","2144.0","false","0.0","-2.0","-2.0","-2.0","-2.0","0.0","0.0","0.0","0.0","0.0","0.0","-2.0","-2.0","Pass"
"23-3372-G600LIZ-D50","B09_23-3372-G600LIZ-D50_F04_27-03-2024_06.fsa","SNPxPlexESSAI (snpxplex)","rs3739160","Blue","C","C","245.41","245.41","3130.0","3130.0","false","0.0","-2.0","-2.0","-2.0","-2.0","0.0","0.0","0.0","0.0","0.0","0.0","-2.0","-2.0","Pass"
"23-2938-G600LIZ-D50","E09_23-2938-G600LIZ-D50_F04_27-03-2024_15.fsa","SNPxPlexESSAI (snpxplex)","rs3739160","Blue","C","C","245.48","245.48","3710.0","3710.0","false","0.0","-2.0","-2.0","-2.0","-2.0","0.0","0.0","0.0","0.0","0.0","0.0","-2.0","-2.0","Pass"
"23-2996-G600LIZ-D50","H08_23-2996-G600LIZ-D50_F04_27-03-2024_23.fsa","SNPxPlexESSAI (snpxplex)","rs456261","Blue","A","A","182.69","182.69","3413.0","3413.0","false","0.0","-2.0","-2.0","-2.0","-2.0","0.0","0.0","0.0","0.0","0.0","0.0","-2.0","-2.0","Pass"
"23-2893-G600LIZ-D50","E08_23-2893-G600LIZ-D50_F04_27-03-2024_14.fsa","SNPxPlexESSAI (snpxplex)","rs456261","Blue","G","A","179.77","182.6","18651.0","13838.0","false","0.0","-2.0","-2.0","-2.0","-2.0","0.0","0.0","0.0","0.0","0.0","0.0","0.0","-2.0","Pass"
"23-3017-G600LIZ-D50","F08_23-3017-G600LIZ-D50_F04_27-03-2024_17.fsa","SNPxPlexESSAI (snpxplex)","rs456261","Blue","G","G","179.65","179.65","4043.0","4043.0","false","0.0","-2.0","-2.0","-2.0","-2.0","0.0","0.0","0.0","0.0","0.0","0.0","-2.0","-2.0","Pass"
"23-2983-G600LIZ-D50","G09_23-2983-G600LIZ-D50_F04_27-03-2024_21.fsa","SNPxPlexESSAI (snpxplex)","rs456261","Blue","G","A","179.77","182.58","1499.0","1083.0","false","0.0","-2.0","-2.0","-2.0","-2.0","0.0","0.0","0.0","0.0","0.0","0.0","0.0","-2.0","Pass"
"23-2950-G600LIZ-D50","A09_23-2950-G600LIZ-D50_F04_27-03-2024_03.fsa","SNPxPlexESSAI (snpxplex)","rs456261","Blue","G","A","179.65","182.55","3286.0","2332.0","false","0.0","-2.0","-2.0","-2.0","-2.0","0.0","0.0","0.0","0.0","0.0","0.0","0.0","-2.0","Pass"
"23-2917-G600LIZ-D50","F09_23-2917-G600LIZ-D50_F04_27-03-2024_18.fsa","SNPxPlexESSAI (snpxplex)","rs456261","Blue","G","A","179.65","182.58","3335.0","2485.0","false","0.0","-2.0","-2.0","-2.0","-2.0","0.0","0.0","0.0","0.0","0.0","0.0","0.0","-2.0","Pass"
"23-2900-G600LIZ-D50","G08_23-2900-G600LIZ-D50_F04_27-03-2024_20.fsa","SNPxPlexESSAI (snpxplex)","rs456261","Blue","G","A","179.65","182.58","11827.0","8504.0","false","0.0","-2.0","-2.0","-2.0","-2.0","0.0","0.0","0.0","0.0","0.0","0.0","0.0","-2.0","Pass"
"23-3067-G600LIZ-D50","D09_23-3067-G600LIZ-D50_F04_27-03-2024_12.fsa","SNPxPlexESSAI (snpxplex)","rs456261","Blue","A","A","182.59","182.59","4088.0","4088.0","false","0.0","-2.0","-2.0","-2.0","-2.0","0.0","0.0","0.0","0.0","0.0","0.0","-2.0","-2.0","Pass"
"23-2942-G600LIZ-D50","C09_23-2942-G600LIZ-D50_F04_27-03-2024_09.fsa","SNPxPlexESSAI (snpxplex)","rs456261","Blue","A","A","182.59","182.59","5406.0","5406.0","false","0.0","-2.0","-2.0","-2.0","-2.0","0.0","0.0","0.0","0.0","0.0","0.0","-2.0","-2.0","Pass"
"23-2907-G600LIZ-D50","H09_23-2907-G600LIZ-D50_F04_27-03-2024_24.fsa","SNPxPlexESSAI (snpxplex)","rs456261","Blue","G","G","179.77","179.77","2383.0","2383.0","false","0.0","-2.0","-2.0","-2.0","-2.0","0.0","0.0","0.0","0.0","0.0","0.0","-2.0","-2.0","Pass"
"23-3372-G600LIZ-D50","B09_23-3372-G600LIZ-D50_F04_27-03-2024_06.fsa","SNPxPlexESSAI (snpxplex)","rs456261","Blue","G","A","179.65","182.56","2809.0","1908.0","false","0.0","-2.0","-2.0","-2.0","-2.0","0.0","0.0","0.0","0.0","0.0","0.0","0.0","-2.0","Pass"
"23-2938-G600LIZ-D50","E09_23-2938-G600LIZ-D50_F04_27-03-2024_15.fsa","SNPxPlexESSAI (snpxplex)","rs456261","Blue","A","A","182.6","182.6","3322.0","3322.0","false","0.0","-2.0","-2.0","-2.0","-2.0","0.0","0.0","0.0","0.0","0.0","0.0","-2.0","-2.0","Pass"
"23-2996-G600LIZ-D50","H08_23-2996-G600LIZ-D50_F04_27-03-2024_23.fsa","SNPxPlexESSAI (snpxplex)","rs6795772","Blue","C","T","172.66","175.69","1829.0","2529.0","false","0.0","-2.0","-2.0","-2.0","-2.0","0.0","0.0","0.0","0.0","0.0","0.0","0.0","-2.0","Pass"
"23-2893-G600LIZ-D50","E08_23-2893-G600LIZ-D50_F04_27-03-2024_14.fsa","SNPxPlexESSAI (snpxplex)","rs6795772","Blue","C","T","172.66","175.69","13131.0","18506.0","false","0.0","-2.0","-2.0","-2.0","-2.0","0.0","0.0","0.0","0.0","0.0","0.0","0.0","-2.0","Pass"
"23-3017-G600LIZ-D50","F08_23-3017-G600LIZ-D50_F04_27-03-2024_17.fsa","SNPxPlexESSAI (snpxplex)","rs6795772","Blue","C","T","172.61","175.66","1755.0","2471.0","false","0.0","-2.0","-2.0","-2.0","-2.0","0.0","0.0","0.0","0.0","0.0","0.0","0.0","-2.0","Pass"
"23-2983-G600LIZ-D50","G09_23-2983-G600LIZ-D50_F04_27-03-2024_21.fsa","SNPxPlexESSAI (snpxplex)","rs6795772","Blue","C","T","172.78","175.7","1021.0","1419.0","false","0.0","-2.0","-2.0","-2.0","-2.0","0.0","0.0","0.0","0.0","0.0","0.0","0.0","-2.0","Pass"
"23-2950-G600LIZ-D50","A09_23-2950-G600LIZ-D50_F04_27-03-2024_03.fsa","SNPxPlexESSAI (snpxplex)","rs6795772","Blue","C","C","172.71","172.71","4135.0","4135.0","false","0.0","-2.0","-2.0","-2.0","-2.0","0.0","0.0","0.0","0.0","0.0","0.0","-2.0","-2.0","Pass"
"23-2917-G600LIZ-D50","F09_23-2917-G600LIZ-D50_F04_27-03-2024_18.fsa","SNPxPlexESSAI (snpxplex)","rs6795772","Blue","C","T","172.67","175.7","2344.0","3227.0","false","0.0","-2.0","-2.0","-2.0","-2.0","0.0","0.0","0.0","0.0","0.0","0.0","0.0","-2.0","Pass"
"23-2900-G600LIZ-D50","G08_23-2900-G600LIZ-D50_F04_27-03-2024_20.fsa","SNPxPlexESSAI (snpxplex)","rs6795772","Blue","C","T","172.66","175.69","8433.0","11406.0","false","0.0","-2.0","-2.0","-2.0","-2.0","0.0","0.0","0.0","0.0","0.0","0.0","0.0","-2.0","Pass"
"23-3067-G600LIZ-D50","D09_23-3067-G600LIZ-D50_F04_27-03-2024_12.fsa","SNPxPlexESSAI (snpxplex)","rs6795772","Blue","C","T","172.73","175.67","2348.0","3129.0","false","0.0","-2.0","-2.0","-2.0","-2.0","0.0","0.0","0.0","0.0","0.0","0.0","0.0","-2.0","Pass"
"23-2942-G600LIZ-D50","C09_23-2942-G600LIZ-D50_F04_27-03-2024_09.fsa","SNPxPlexESSAI (snpxplex)","rs6795772","Blue","C","T","172.73","175.67","3173.0","4300.0","false","0.0","-2.0","-2.0","-2.0","-2.0","0.0","0.0","0.0","0.0","0.0","0.0","0.0","-2.0","Pass"
"23-2907-G600LIZ-D50","H09_23-2907-G600LIZ-D50_F04_27-03-2024_24.fsa","SNPxPlexESSAI (snpxplex)","rs6795772","Blue","C","T","172.66","175.69","1096.0","1520.0","false","0.0","-2.0","-2.0","-2.0","-2.0","0.0","0.0","0.0","0.0","0.0","0.0","0.0","-2.0","Pass"
"23-3372-G600LIZ-D50","B09_23-3372-G600LIZ-D50_F04_27-03-2024_06.fsa","SNPxPlexESSAI (snpxplex)","rs6795772","Blue","C","T","172.66","175.69","1744.0","2446.0","false","0.0","-2.0","-2.0","-2.0","-2.0","0.0","0.0","0.0","0.0","0.0","0.0","0.0","-2.0","Pass"
"23-2938-G600LIZ-D50","E09_23-2938-G600LIZ-D50_F04_27-03-2024_15.fsa","SNPxPlexESSAI (snpxplex)","rs6795772","Blue","C","C","172.73","172.73","3404.0","3404.0","false","0.0","-2.0","-2.0","-2.0","-2.0","0.0","0.0","0.0","0.0","0.0","0.0","-2.0","-2.0","Pass"
"23-2996-G600LIZ-D50","H08_23-2996-G600LIZ-D50_F04_27-03-2024_23.fsa","SNPxPlexESSAI (snpxplex)","rs8017","Blue","C","T","124.67","127.94","1943.0","2325.0","false","0.0","-2.0","-2.0","-2.0","-2.0","0.0","0.0","0.0","0.0","0.0","0.0","0.0","-2.0","Pass"
"23-2893-G600LIZ-D50","E08_23-2893-G600LIZ-D50_F04_27-03-2024_14.fsa","SNPxPlexESSAI (snpxplex)","rs8017","Blue","T","T","127.85","127.85","23352.0","23352.0","false","1.0","-2.0","-2.0","-2.0","-2.0","0.0","0.0","0.0","0.0","0.0","0.0","-2.0","-2.0","Pass"
"23-3017-G600LIZ-D50","F08_23-3017-G600LIZ-D50_F04_27-03-2024_17.fsa","SNPxPlexESSAI (snpxplex)","rs8017","Blue","T","T","128.02","128.02","3771.0","3771.0","false","0.0","-2.0","-2.0","-2.0","-2.0","0.0","0.0","0.0","0.0","0.0","0.0","-2.0","-2.0","Pass"
"23-2983-G600LIZ-D50","G09_23-2983-G600LIZ-D50_F04_27-03-2024_21.fsa","SNPxPlexESSAI (snpxplex)","rs8017","Blue","C","T","124.8","127.96","1009.0","1214.0","false","0.0","-2.0","-2.0","-2.0","-2.0","0.0","0.0","0.0","0.0","0.0","0.0","0.0","-2.0","Pass"
"23-2950-G600LIZ-D50","A09_23-2950-G600LIZ-D50_F04_27-03-2024_03.fsa","SNPxPlexESSAI (snpxplex)","rs8017","Blue","C","T","124.79","128.05","2158.0","2589.0","false","0.0","-2.0","-2.0","-2.0","-2.0","0.0","0.0","0.0","0.0","0.0","0.0","0.0","-2.0","Pass"
"23-2917-G600LIZ-D50","F09_23-2917-G600LIZ-D50_F04_27-03-2024_18.fsa","SNPxPlexESSAI (snpxplex)","rs8017","Blue","C","T","124.68","127.97","2216.0","2699.0","false","0.0","-2.0","-2.0","-2.0","-2.0","0.0","0.0","0.0","0.0","0.0","0.0","0.0","-2.0","Pass"
"23-2900-G600LIZ-D50","G08_23-2900-G600LIZ-D50_F04_27-03-2024_20.fsa","SNPxPlexESSAI (snpxplex)","rs8017","Blue","C","T","124.81","127.97","7709.0","9784.0","false","0.0","-2.0","-2.0","-2.0","-2.0","0.0","0.0","0.0","0.0","0.0","0.0","0.0","-2.0","Pass"
"23-3067-G600LIZ-D50","D09_23-3067-G600LIZ-D50_F04_27-03-2024_12.fsa","SNPxPlexESSAI (snpxplex)","rs8017","Blue","T","T","127.97","127.97","4723.0","4723.0","false","0.0","-2.0","-2.0","-2.0","-2.0","0.0","0.0","0.0","0.0","0.0","0.0","-2.0","-2.0","Pass"
"23-2942-G600LIZ-D50","C09_23-2942-G600LIZ-D50_F04_27-03-2024_09.fsa","SNPxPlexESSAI (snpxplex)","rs8017","Blue","C","C","124.69","124.69","5673.0","5673.0","false","0.0","-2.0","-2.0","-2.0","-2.0","0.0","0.0","0.0","0.0","0.0","0.0","-2.0","-2.0","Pass"
"23-2907-G600LIZ-D50","H09_23-2907-G600LIZ-D50_F04_27-03-2024_24.fsa","SNPxPlexESSAI (snpxplex)","rs8017","Blue","T","T","127.98","127.98","2408.0","2408.0","false","0.0","-2.0","-2.0","-2.0","-2.0","0.0","0.0","0.0","0.0","0.0","0.0","-2.0","-2.0","Pass"
"23-3372-G600LIZ-D50","B09_23-3372-G600LIZ-D50_F04_27-03-2024_06.fsa","SNPxPlexESSAI (snpxplex)","rs8017","Blue","C","T","124.82","127.98","1975.0","2360.0","false","0.0","-2.0","-2.0","-2.0","-2.0","0.0","0.0","0.0","0.0","0.0","0.0","0.0","-2.0","Pass"
"23-2938-G600LIZ-D50","E09_23-2938-G600LIZ-D50_F04_27-03-2024_15.fsa","SNPxPlexESSAI (snpxplex)","rs8017","Blue","C","T","124.84","128.02","1569.0","1957.0","false","0.0","-2.0","-2.0","-2.0","-2.0","0.0","0.0","0.0","0.0","0.0","0.0","0.0","-2.0","Pass"
"23-2996-G600LIZ-D50","H08_23-2996-G600LIZ-D50_F04_27-03-2024_23.fsa","SNPxPlexESSAI (snpxplex)","rs843345","Blue","T","T","107.55","107.55","3775.0","3775.0","false","0.0","-2.0","-2.0","-2.0","-2.0","0.0","0.0","0.0","0.0","0.0","0.0","-2.0","-2.0","Pass"
"23-2893-G600LIZ-D50","E08_23-2893-G600LIZ-D50_F04_27-03-2024_14.fsa","SNPxPlexESSAI (snpxplex)","rs843345","Blue","C","C","110.7","110.7","14107.0","14107.0","false","0.0","-2.0","-2.0","-2.0","-2.0","0.0","0.0","0.0","0.0","0.0","0.0","-2.0","-2.0","Pass"
"23-3017-G600LIZ-D50","F08_23-3017-G600LIZ-D50_F04_27-03-2024_17.fsa","SNPxPlexESSAI (snpxplex)","rs843345","Blue","T","T","107.54","107.54","3476.0","3476.0","false","0.0","-2.0","-2.0","-2.0","-2.0","0.0","0.0","0.0","0.0","0.0","0.0","-2.0","-2.0","Pass"
"23-2983-G600LIZ-D50","G09_23-2983-G600LIZ-D50_F04_27-03-2024_21.fsa","SNPxPlexESSAI (snpxplex)","rs843345","Blue","C","C","110.68","110.68","1096.0","1096.0","false","0.0","-2.0","-2.0","-2.0","-2.0","0.0","0.0","0.0","0.0","0.0","0.0","-2.0","-2.0","Pass"
"23-2950-G600LIZ-D50","A09_23-2950-G600LIZ-D50_F04_27-03-2024_03.fsa","SNPxPlexESSAI (snpxplex)","rs843345","Blue","T","C","107.4","110.59","2601.0","1737.0","false","0.0","-2.0","-2.0","-2.0","-2.0","0.0","0.0","0.0","0.0","0.0","0.0","0.0","-2.0","Pass"
"23-2917-G600LIZ-D50","F09_23-2917-G600LIZ-D50_F04_27-03-2024_18.fsa","SNPxPlexESSAI (snpxplex)","rs843345","Blue","T","T","107.57","107.57","4675.0","4675.0","false","0.0","-2.0","-2.0","-2.0","-2.0","0.0","0.0","0.0","0.0","0.0","0.0","-2.0","-2.0","Pass"
"23-2900-G600LIZ-D50","G08_23-2900-G600LIZ-D50_F04_27-03-2024_20.fsa","SNPxPlexESSAI (snpxplex)","rs843345","Blue","C","C","110.68","110.68","9180.0","9180.0","false","0.0","-2.0","-2.0","-2.0","-2.0","0.0","0.0","0.0","0.0","0.0","0.0","-2.0","-2.0","Pass"
"23-3067-G600LIZ-D50","D09_23-3067-G600LIZ-D50_F04_27-03-2024_12.fsa","SNPxPlexESSAI (snpxplex)","rs843345","Blue","T","C","107.48","110.69","3098.0","1938.0","false","0.0","-2.0","-2.0","-2.0","-2.0","0.0","0.0","0.0","0.0","0.0","0.0","0.0","-2.0","Pass"
"23-2942-G600LIZ-D50","C09_23-2942-G600LIZ-D50_F04_27-03-2024_09.fsa","SNPxPlexESSAI (snpxplex)","rs843345","Blue","T","C","107.5","110.7","4208.0","2683.0","false","0.0","-2.0","-2.0","-2.0","-2.0","0.0","0.0","0.0","0.0","0.0","0.0","0.0","-2.0","Pass"
"23-2907-G600LIZ-D50","H09_23-2907-G600LIZ-D50_F04_27-03-2024_24.fsa","SNPxPlexESSAI (snpxplex)","rs843345","Blue","C","C","110.7","110.7","1078.0","1078.0","false","0.0","-2.0","-2.0","-2.0","-2.0","0.0","0.0","0.0","0.0","0.0","0.0","-2.0","-2.0","Pass"
"23-3372-G600LIZ-D50","B09_23-3372-G600LIZ-D50_F04_27-03-2024_06.fsa","SNPxPlexESSAI (snpxplex)","rs843345","Blue","T","C","107.47","110.56","2212.0","1364.0","false","0.0","-2.0","-2.0","-2.0","-2.0","0.0","0.0","0.0","0.0","0.0","0.0","0.0","-2.0","Pass"
"23-2938-G600LIZ-D50","E09_23-2938-G600LIZ-D50_F04_27-03-2024_15.fsa","SNPxPlexESSAI (snpxplex)","rs843345","Blue","T","T","107.48","107.48","3962.0","3962.0","false","0.0","-2.0","-2.0","-2.0","-2.0","0.0","0.0","0.0","0.0","0.0","0.0","-2.0","-2.0","Pass"
