Sample Name;Sample File Name;Panel;Marker Name;Dye Color;Allele 1;Allele 2;Size 1;Size 2;ADO;OS;SHP;OBA;SPA;SP;BIN;LPH;SPU;AN;BD;XTLK;PHR;CC;GQ
23-2893-G600LIZ-D50;E08_23-2893-G600LIZ-D50_F04_27-03-2024_14.fsa;SNPXplex (SNPXplex);rs11059924;Blue;C;C;155.91;155.91;false;1.0;0.0;0.0;1.0;0.0;0.0;0.0;0.0;0.0;0.0;0.0;-2.0;-2.0;Fail
23-2900-G600LIZ-D50;G08_23-2900-G600LIZ-D50_F04_27-03-2024_20.fsa;SNPXplex (SNPXplex);rs11702450;Blue;G;G;97.91;97.91;false;1.0;0.0;0.0;1.0;0.0;0.0;0.0;0.0;0.0;0.0;0.0;-2.0;-2.0;Fail
23-2893-G600LIZ-D50;E08_23-2893-G600LIZ-D50_F04_27-03-2024_14.fsa;SNPXplex (SNPXplex);rs11702450;Blue;G;A;97.9;101.01;false;1.0;0.0;0.0;1.0;0.0;0.0;0.0;0.0;0.0;0.0;0.0;0.0;-2.0;Fail
23-2907-G600LIZ-D50;H09_23-2907-G600LIZ-D50_F04_27-03-2024_24.fsa;SNPXplex (SNPXplex);rs2075144;Blue;G;A;162.7;166.22;false;0.0;0.0;0.0;1.0;0.0;0.0;0.0;0.0;0.0;0.0;0.0;1.0;-2.0;Fail
23-2893-G600LIZ-D50;E08_23-2893-G600LIZ-D50_F04_27-03-2024_14.fsa;SNPXplex (SNPXplex);rs2231926;Blue;A;A;203.13;203.13;false;1.0;0.0;0.0;1.0;0.0;0.0;0.0;0.0;0.0;0.0;0.0;-2.0;-2.0;Fail
23-2942-G600LIZ-D50;C09_23-2942-G600LIZ-D50_F04_27-03-2024_09.fsa;SNPXplex (SNPXplex);rs352169;Blue;G;A;213.66;216.66;false;0.0;0.0;0.0;1.0;0.0;0.0;0.0;0.0;0.0;0.0;0.0;1.0;-2.0;Fail
23-2893-G600LIZ-D50;E08_23-2893-G600LIZ-D50_F04_27-03-2024_14.fsa;SNPXplex (SNPXplex);rs3738494;Blue;C;C;132.09;132.09;false;1.0;0.0;0.0;1.0;0.0;0.0;0.0;0.0;0.0;0.0;0.0;-2.0;-2.0;Fail
23-2950-G600LIZ-D50;A09_23-2950-G600LIZ-D50_F04_27-03-2024_03.fsa;SNPXplex (SNPXplex);rs2839181;Blue;A;G;146.79;150.0;false;0.0;0.0;0.0;1.0;0.0;0.0;0.0;0.0;0.0;0.0;0.0;1.0;-2.0;Fail
23-2907-G600LIZ-D50;H09_23-2907-G600LIZ-D50_F04_27-03-2024_24.fsa;SNPXplex (SNPXplex);rs2839181;Blue;A;G;146.95;150.07;false;0.0;0.0;0.0;1.0;0.0;0.0;0.0;0.0;0.0;0.0;0.0;1.0;-2.0;Fail
23-3017-G600LIZ-D50;F08_23-3017-G600LIZ-D50_F04_27-03-2024_17.fsa;SNPXplex (SNPXplex);rs2839181;Blue;A;G;146.83;149.94;false;0.0;0.0;0.0;1.0;0.0;0.0;0.0;0.0;0.0;0.0;0.0;1.0;-2.0;Fail
23-2893-G600LIZ-D50;E08_23-2893-G600LIZ-D50_F04_27-03-2024_14.fsa;SNPXplex (SNPXplex);rs2839181;Blue;A;G;146.87;150.01;false;0.0;0.0;0.0;1.0;0.0;0.0;0.0;0.0;0.0;0.0;0.0;1.0;-2.0;Fail
23-2893-G600LIZ-D50;E08_23-2893-G600LIZ-D50_F04_27-03-2024_14.fsa;SNPXplex (SNPXplex);rs352169;Blue;A;A;216.66;216.66;false;1.0;0.0;0.0;1.0;0.0;0.0;0.0;0.0;0.0;0.0;0.0;-2.0;-2.0;Fail
23-2893-G600LIZ-D50;E08_23-2893-G600LIZ-D50_F04_27-03-2024_14.fsa;SNPXplex (SNPXplex);rs8017;Blue;T;T;127.85;127.85;false;1.0;0.0;0.0;1.0;0.0;0.0;0.0;0.0;0.0;0.0;0.0;-2.0;-2.0;Fail
23-2900-G600LIZ-D50;G08_23-2900-G600LIZ-D50_F04_27-03-2024_20.fsa;SNPXplex (SNPXplex);rs1058018;Blue;C;T;114.12;117.01;false;0.0;0.0;0.0;1.0;0.0;0.0;0.0;0.0;0.0;0.0;0.0;0.0;-2.0;Suspect
23-3372-G600LIZ-D50;B09_23-3372-G600LIZ-D50_F04_27-03-2024_06.fsa;SNPXplex (SNPXplex);rs1058018;Blue;C;T;114.12;117.01;false;0.0;0.0;0.0;1.0;0.0;0.0;0.0;0.0;0.0;0.0;0.0;0.0;-2.0;Suspect
23-2942-G600LIZ-D50;C09_23-2942-G600LIZ-D50_F04_27-03-2024_09.fsa;SNPXplex (SNPXplex);rs1058018;Blue;C;T;114.12;116.96;false;0.0;0.0;0.0;1.0;0.0;0.0;0.0;0.0;0.0;0.0;0.0;0.0;-2.0;Suspect
23-3067-G600LIZ-D50;D09_23-3067-G600LIZ-D50_F04_27-03-2024_12.fsa;SNPXplex (SNPXplex);rs1058018;Blue;C;C;114.12;114.12;false;0.0;0.0;0.0;1.0;0.0;0.0;0.0;0.0;0.0;0.0;0.0;-2.0;-2.0;Suspect
23-2917-G600LIZ-D50;F09_23-2917-G600LIZ-D50_F04_27-03-2024_18.fsa;SNPXplex (SNPXplex);rs1058018;Blue;C;T;114.12;117.07;false;0.0;0.0;0.0;1.0;0.0;0.0;0.0;0.0;0.0;0.0;0.0;0.0;-2.0;Suspect
23-2907-G600LIZ-D50;H09_23-2907-G600LIZ-D50_F04_27-03-2024_24.fsa;SNPXplex (SNPXplex);rs1058018;Blue;C;T;114.12;116.95;false;0.0;0.0;0.0;1.0;0.0;0.0;0.0;0.0;0.0;0.0;0.0;0.0;-2.0;Suspect
23-2996-G600LIZ-D50;H08_23-2996-G600LIZ-D50_F04_27-03-2024_23.fsa;SNPXplex (SNPXplex);rs1058018;Blue;C;T;114.12;116.95;false;0.0;0.0;0.0;1.0;0.0;0.0;0.0;0.0;0.0;0.0;0.0;0.0;-2.0;Suspect
23-2893-G600LIZ-D50;E08_23-2893-G600LIZ-D50_F04_27-03-2024_14.fsa;SNPXplex (SNPXplex);rs1058018;Blue;C;T;114.12;117.07;false;0.0;0.0;0.0;1.0;0.0;0.0;0.0;0.0;0.0;0.0;0.0;0.0;-2.0;Suspect
23-2950-G600LIZ-D50;A09_23-2950-G600LIZ-D50_F04_27-03-2024_03.fsa;SNPXplex (SNPXplex);rs1065483;Blue;G;G;139.42;139.42;false;0.0;0.0;0.0;1.0;0.0;0.0;0.0;0.0;0.0;0.0;0.0;-2.0;-2.0;Suspect
23-2893-G600LIZ-D50;E08_23-2893-G600LIZ-D50_F04_27-03-2024_14.fsa;SNPXplex (SNPXplex);rs1065483;Blue;A;A;142.17;142.17;false;0.0;0.0;0.0;1.0;0.0;0.0;0.0;0.0;0.0;0.0;0.0;-2.0;-2.0;Suspect
23-2900-G600LIZ-D50;G08_23-2900-G600LIZ-D50_F04_27-03-2024_20.fsa;SNPXplex (SNPXplex);rs11059924;Blue;C;T;156.05;158.8;false;0.0;0.0;0.0;1.0;0.0;0.0;0.0;0.0;0.0;0.0;0.0;0.0;-2.0;Suspect
23-2983-G600LIZ-D50;G09_23-2983-G600LIZ-D50_F04_27-03-2024_21.fsa;SNPXplex (SNPXplex);rs11059924;Blue;C;T;155.92;158.92;false;0.0;0.0;0.0;1.0;0.0;0.0;0.0;0.0;0.0;0.0;0.0;0.0;-2.0;Suspect
23-3372-G600LIZ-D50;B09_23-3372-G600LIZ-D50_F04_27-03-2024_06.fsa;SNPXplex (SNPXplex);rs11059924;Blue;C;C;155.92;155.92;false;0.0;0.0;0.0;1.0;0.0;0.0;0.0;0.0;0.0;0.0;0.0;-2.0;-2.0;Suspect
23-2942-G600LIZ-D50;C09_23-2942-G600LIZ-D50_F04_27-03-2024_09.fsa;SNPXplex (SNPXplex);rs11059924;Blue;C;T;155.93;158.92;false;0.0;0.0;0.0;1.0;0.0;0.0;0.0;0.0;0.0;0.0;0.0;0.0;-2.0;Suspect
23-3067-G600LIZ-D50;D09_23-3067-G600LIZ-D50_F04_27-03-2024_12.fsa;SNPXplex (SNPXplex);rs11059924;Blue;C;T;155.92;158.92;false;0.0;0.0;0.0;1.0;0.0;0.0;0.0;0.0;0.0;0.0;0.0;0.0;-2.0;Suspect
23-2917-G600LIZ-D50;F09_23-2917-G600LIZ-D50_F04_27-03-2024_18.fsa;SNPXplex (SNPXplex);rs11059924;Blue;C;T;156.03;158.92;false;0.0;0.0;0.0;1.0;0.0;0.0;0.0;0.0;0.0;0.0;0.0;0.0;-2.0;Suspect
23-2950-G600LIZ-D50;A09_23-2950-G600LIZ-D50_F04_27-03-2024_03.fsa;SNPXplex (SNPXplex);rs11059924;Blue;C;T;156.07;158.93;false;0.0;0.0;0.0;1.0;0.0;0.0;0.0;0.0;0.0;0.0;0.0;0.0;-2.0;Suspect
23-2938-G600LIZ-D50;E09_23-2938-G600LIZ-D50_F04_27-03-2024_15.fsa;SNPXplex (SNPXplex);rs11059924;Blue;C;T;155.93;158.8;false;0.0;0.0;0.0;1.0;0.0;0.0;0.0;0.0;0.0;0.0;0.0;0.0;-2.0;Suspect
23-3017-G600LIZ-D50;F08_23-3017-G600LIZ-D50_F04_27-03-2024_17.fsa;SNPXplex (SNPXplex);rs11059924;Blue;C;T;156.05;158.8;false;0.0;0.0;0.0;1.0;0.0;0.0;0.0;0.0;0.0;0.0;0.0;0.0;-2.0;Suspect
23-2996-G600LIZ-D50;H08_23-2996-G600LIZ-D50_F04_27-03-2024_23.fsa;SNPXplex (SNPXplex);rs11059924;Blue;C;T;155.95;158.81;false;0.0;0.0;0.0;1.0;0.0;0.0;0.0;0.0;0.0;0.0;0.0;0.0;-2.0;Suspect
23-2900-G600LIZ-D50;G08_23-2900-G600LIZ-D50_F04_27-03-2024_20.fsa;SNPXplex (SNPXplex);rs1131620;Blue;A;A;188.09;188.09;false;0.0;0.0;0.0;1.0;0.0;0.0;0.0;0.0;0.0;0.0;0.0;-2.0;-2.0;Suspect
23-2983-G600LIZ-D50;G09_23-2983-G600LIZ-D50_F04_27-03-2024_21.fsa;SNPXplex (SNPXplex);rs1131620;Blue;A;A;188.1;188.1;false;0.0;0.0;0.0;1.0;0.0;0.0;0.0;0.0;0.0;0.0;0.0;-2.0;-2.0;Suspect
23-3372-G600LIZ-D50;B09_23-3372-G600LIZ-D50_F04_27-03-2024_06.fsa;SNPXplex (SNPXplex);rs1131620;Blue;A;A;187.93;187.93;false;0.0;0.0;0.0;1.0;0.0;0.0;0.0;0.0;0.0;0.0;0.0;-2.0;-2.0;Suspect
23-2942-G600LIZ-D50;C09_23-2942-G600LIZ-D50_F04_27-03-2024_09.fsa;SNPXplex (SNPXplex);rs1131620;Blue;A;A;188.03;188.03;false;0.0;0.0;0.0;1.0;0.0;0.0;0.0;0.0;0.0;0.0;0.0;-2.0;-2.0;Suspect
23-3067-G600LIZ-D50;D09_23-3067-G600LIZ-D50_F04_27-03-2024_12.fsa;SNPXplex (SNPXplex);rs1131620;Blue;A;A;187.99;187.99;false;0.0;0.0;0.0;1.0;0.0;0.0;0.0;0.0;0.0;0.0;0.0;-2.0;-2.0;Suspect
23-2917-G600LIZ-D50;F09_23-2917-G600LIZ-D50_F04_27-03-2024_18.fsa;SNPXplex (SNPXplex);rs1131620;Blue;A;A;187.97;187.97;false;0.0;0.0;0.0;1.0;0.0;0.0;0.0;0.0;0.0;0.0;0.0;-2.0;-2.0;Suspect
23-2950-G600LIZ-D50;A09_23-2950-G600LIZ-D50_F04_27-03-2024_03.fsa;SNPXplex (SNPXplex);rs1131620;Blue;A;A;188.12;188.12;false;0.0;0.0;0.0;1.0;0.0;0.0;0.0;0.0;0.0;0.0;0.0;-2.0;-2.0;Suspect
23-2907-G600LIZ-D50;H09_23-2907-G600LIZ-D50_F04_27-03-2024_24.fsa;SNPXplex (SNPXplex);rs1131620;Blue;A;A;188.1;188.1;false;0.0;0.0;0.0;1.0;0.0;0.0;0.0;0.0;0.0;0.0;0.0;-2.0;-2.0;Suspect
23-3017-G600LIZ-D50;F08_23-3017-G600LIZ-D50_F04_27-03-2024_17.fsa;SNPXplex (SNPXplex);rs1131620;Blue;A;A;188.14;188.14;false;0.0;0.0;0.0;1.0;0.0;0.0;0.0;0.0;0.0;0.0;0.0;-2.0;-2.0;Suspect
23-2893-G600LIZ-D50;E08_23-2893-G600LIZ-D50_F04_27-03-2024_14.fsa;SNPXplex (SNPXplex);rs1131620;Blue;A;A;188.09;188.09;false;0.0;0.0;0.0;1.0;0.0;0.0;0.0;0.0;0.0;0.0;0.0;-2.0;-2.0;Suspect
23-2942-G600LIZ-D50;C09_23-2942-G600LIZ-D50_F04_27-03-2024_09.fsa;SNPXplex (SNPXplex);rs11702450;Blue;G;G;97.9;97.9;false;0.0;0.0;0.0;1.0;0.0;0.0;0.0;0.0;0.0;0.0;0.0;-2.0;-2.0;Suspect
23-2917-G600LIZ-D50;F09_23-2917-G600LIZ-D50_F04_27-03-2024_18.fsa;SNPXplex (SNPXplex);rs11702450;Blue;G;G;97.9;97.9;false;0.0;0.0;0.0;1.0;0.0;0.0;0.0;0.0;0.0;0.0;0.0;-2.0;-2.0;Suspect
23-2950-G600LIZ-D50;A09_23-2950-G600LIZ-D50_F04_27-03-2024_03.fsa;SNPXplex (SNPXplex);rs11702450;Blue;G;G;97.92;97.92;false;0.0;0.0;0.0;1.0;0.0;0.0;0.0;0.0;0.0;0.0;0.0;-2.0;-2.0;Suspect
23-2907-G600LIZ-D50;H09_23-2907-G600LIZ-D50_F04_27-03-2024_24.fsa;SNPXplex (SNPXplex);rs11702450;Blue;G;A;97.91;101.01;false;0.0;0.0;0.0;1.0;0.0;0.0;0.0;0.0;0.0;0.0;0.0;0.0;-2.0;Suspect
23-3017-G600LIZ-D50;F08_23-3017-G600LIZ-D50_F04_27-03-2024_17.fsa;SNPXplex (SNPXplex);rs11702450;Blue;G;A;97.91;100.89;false;0.0;0.0;0.0;1.0;0.0;0.0;0.0;0.0;0.0;0.0;0.0;0.0;-2.0;Suspect
23-2996-G600LIZ-D50;H08_23-2996-G600LIZ-D50_F04_27-03-2024_23.fsa;SNPXplex (SNPXplex);rs11702450;Blue;G;A;97.91;101.0;false;0.0;0.0;0.0;1.0;0.0;0.0;0.0;0.0;0.0;0.0;0.0;0.0;-2.0;Suspect
23-2900-G600LIZ-D50;G08_23-2900-G600LIZ-D50_F04_27-03-2024_20.fsa;SNPXplex (SNPXplex);rs2231926;Blue;A;A;203.36;203.36;false;0.0;0.0;0.0;1.0;0.0;0.0;0.0;0.0;0.0;0.0;0.0;-2.0;-2.0;Suspect
23-2983-G600LIZ-D50;G09_23-2983-G600LIZ-D50_F04_27-03-2024_21.fsa;SNPXplex (SNPXplex);rs2231926;Blue;A;A;203.32;203.32;false;0.0;0.0;0.0;1.0;0.0;0.0;0.0;0.0;0.0;0.0;0.0;-2.0;-2.0;Suspect
23-3372-G600LIZ-D50;B09_23-3372-G600LIZ-D50_F04_27-03-2024_06.fsa;SNPXplex (SNPXplex);rs2231926;Blue;A;A;203.2;203.2;false;0.0;0.0;0.0;1.0;0.0;0.0;0.0;0.0;0.0;0.0;0.0;-2.0;-2.0;Suspect
23-2942-G600LIZ-D50;C09_23-2942-G600LIZ-D50_F04_27-03-2024_09.fsa;SNPXplex (SNPXplex);rs2231926;Blue;A;A;203.34;203.34;false;0.0;0.0;0.0;1.0;0.0;0.0;0.0;0.0;0.0;0.0;0.0;-2.0;-2.0;Suspect
23-3067-G600LIZ-D50;D09_23-3067-G600LIZ-D50_F04_27-03-2024_12.fsa;SNPXplex (SNPXplex);rs2231926;Blue;G;G;206.41;206.41;false;0.0;0.0;0.0;1.0;0.0;0.0;0.0;0.0;0.0;0.0;0.0;-2.0;-2.0;Suspect
23-2950-G600LIZ-D50;A09_23-2950-G600LIZ-D50_F04_27-03-2024_03.fsa;SNPXplex (SNPXplex);rs2231926;Blue;A;A;203.3;203.3;false;0.0;0.0;0.0;1.0;0.0;0.0;0.0;0.0;0.0;0.0;0.0;-2.0;-2.0;Suspect
23-2907-G600LIZ-D50;H09_23-2907-G600LIZ-D50_F04_27-03-2024_24.fsa;SNPXplex (SNPXplex);rs2231926;Blue;A;A;203.33;203.33;false;0.0;0.0;0.0;1.0;0.0;0.0;0.0;0.0;0.0;0.0;0.0;-2.0;-2.0;Suspect
23-2938-G600LIZ-D50;E09_23-2938-G600LIZ-D50_F04_27-03-2024_15.fsa;SNPXplex (SNPXplex);rs2231926;Blue;A;A;203.23;203.23;false;0.0;0.0;0.0;1.0;0.0;0.0;0.0;0.0;0.0;0.0;0.0;-2.0;-2.0;Suspect
23-3017-G600LIZ-D50;F08_23-3017-G600LIZ-D50_F04_27-03-2024_17.fsa;SNPXplex (SNPXplex);rs2231926;Blue;A;A;203.35;203.35;false;0.0;0.0;0.0;1.0;0.0;0.0;0.0;0.0;0.0;0.0;0.0;-2.0;-2.0;Suspect
23-2900-G600LIZ-D50;G08_23-2900-G600LIZ-D50_F04_27-03-2024_20.fsa;SNPXplex (SNPXplex);rs2839181;Blue;A;A;146.83;146.83;false;0.0;0.0;0.0;1.0;0.0;0.0;0.0;0.0;0.0;0.0;0.0;-2.0;-2.0;Suspect
23-2983-G600LIZ-D50;G09_23-2983-G600LIZ-D50_F04_27-03-2024_21.fsa;SNPXplex (SNPXplex);rs2839181;Blue;A;A;146.82;146.82;false;0.0;0.0;0.0;1.0;0.0;0.0;0.0;0.0;0.0;0.0;0.0;-2.0;-2.0;Suspect
23-2942-G600LIZ-D50;C09_23-2942-G600LIZ-D50_F04_27-03-2024_09.fsa;SNPXplex (SNPXplex);rs2839181;Blue;A;A;146.83;146.83;false;0.0;0.0;0.0;1.0;0.0;0.0;0.0;0.0;0.0;0.0;0.0;-2.0;-2.0;Suspect
23-2917-G600LIZ-D50;F09_23-2917-G600LIZ-D50_F04_27-03-2024_18.fsa;SNPXplex (SNPXplex);rs2839181;Blue;A;A;146.87;146.87;false;0.0;0.0;0.0;1.0;0.0;0.0;0.0;0.0;0.0;0.0;0.0;-2.0;-2.0;Suspect
23-2996-G600LIZ-D50;H08_23-2996-G600LIZ-D50_F04_27-03-2024_23.fsa;SNPXplex (SNPXplex);rs2839181;Blue;A;A;146.79;146.79;false;0.0;0.0;0.0;1.0;0.0;0.0;0.0;0.0;0.0;0.0;0.0;-2.0;-2.0;Suspect
23-2900-G600LIZ-D50;G08_23-2900-G600LIZ-D50_F04_27-03-2024_20.fsa;SNPXplex (SNPXplex);rs352169;Blue;A;A;216.66;216.66;false;0.0;0.0;0.0;1.0;0.0;0.0;0.0;0.0;0.0;0.0;0.0;-2.0;-2.0;Suspect
23-3067-G600LIZ-D50;D09_23-3067-G600LIZ-D50_F04_27-03-2024_12.fsa;SNPXplex (SNPXplex);rs352169;Blue;A;A;216.59;216.59;false;0.0;0.0;0.0;1.0;0.0;0.0;0.0;0.0;0.0;0.0;0.0;-2.0;-2.0;Suspect
23-2938-G600LIZ-D50;E09_23-2938-G600LIZ-D50_F04_27-03-2024_15.fsa;SNPXplex (SNPXplex);rs352169;Blue;A;A;216.59;216.59;false;0.0;0.0;0.0;1.0;0.0;0.0;0.0;0.0;0.0;0.0;0.0;-2.0;-2.0;Suspect
23-2983-G600LIZ-D50;G09_23-2983-G600LIZ-D50_F04_27-03-2024_21.fsa;SNPXplex (SNPXplex);rs3738494;Blue;C;C;132.3;132.3;false;0.0;0.0;0.0;1.0;0.0;0.0;0.0;0.0;0.0;0.0;0.0;-2.0;-2.0;Suspect
23-3372-G600LIZ-D50;B09_23-3372-G600LIZ-D50_F04_27-03-2024_06.fsa;SNPXplex (SNPXplex);rs3738494;Blue;C;C;132.23;132.23;false;0.0;0.0;0.0;1.0;0.0;0.0;0.0;0.0;0.0;0.0;0.0;-2.0;-2.0;Suspect
23-2917-G600LIZ-D50;F09_23-2917-G600LIZ-D50_F04_27-03-2024_18.fsa;SNPXplex (SNPXplex);rs3738494;Blue;T;T;135.27;135.27;false;0.0;0.0;0.0;1.0;0.0;0.0;0.0;0.0;0.0;0.0;0.0;-2.0;-2.0;Suspect
23-2950-G600LIZ-D50;A09_23-2950-G600LIZ-D50_F04_27-03-2024_03.fsa;SNPXplex (SNPXplex);rs3738494;Blue;C;C;132.35;132.35;false;0.0;0.0;0.0;1.0;0.0;0.0;0.0;0.0;0.0;0.0;0.0;-2.0;-2.0;Suspect
23-3017-G600LIZ-D50;F08_23-3017-G600LIZ-D50_F04_27-03-2024_17.fsa;SNPXplex (SNPXplex);rs3738494;Blue;T;T;135.42;135.42;false;0.0;0.0;0.0;1.0;0.0;0.0;0.0;0.0;0.0;0.0;0.0;-2.0;-2.0;Suspect
23-2996-G600LIZ-D50;H08_23-2996-G600LIZ-D50_F04_27-03-2024_23.fsa;SNPXplex (SNPXplex);rs3738494;Blue;T;T;135.31;135.31;false;0.0;0.0;0.0;1.0;0.0;0.0;0.0;0.0;0.0;0.0;0.0;-2.0;-2.0;Suspect
23-3372-G600LIZ-D50;B09_23-3372-G600LIZ-D50_F04_27-03-2024_06.fsa;SNPXplex (SNPXplex);rs3739160;Blue;C;C;245.41;245.41;false;0.0;0.0;0.0;1.0;0.0;0.0;0.0;0.0;0.0;0.0;0.0;-2.0;-2.0;Suspect
23-2950-G600LIZ-D50;A09_23-2950-G600LIZ-D50_F04_27-03-2024_03.fsa;SNPXplex (SNPXplex);rs3739160;Blue;C;C;245.35;245.35;false;0.0;0.0;0.0;1.0;0.0;0.0;0.0;0.0;0.0;0.0;0.0;-2.0;-2.0;Suspect
23-2907-G600LIZ-D50;H09_23-2907-G600LIZ-D50_F04_27-03-2024_24.fsa;SNPXplex (SNPXplex);rs3739160;Blue;C;C;245.48;245.48;false;0.0;0.0;0.0;1.0;0.0;0.0;0.0;0.0;0.0;0.0;0.0;-2.0;-2.0;Suspect
23-2996-G600LIZ-D50;H08_23-2996-G600LIZ-D50_F04_27-03-2024_23.fsa;SNPXplex (SNPXplex);rs3739160;Blue;C;C;245.53;245.53;false;0.0;0.0;0.0;1.0;0.0;0.0;0.0;0.0;0.0;0.0;0.0;-2.0;-2.0;Suspect
23-3017-G600LIZ-D50;F08_23-3017-G600LIZ-D50_F04_27-03-2024_17.fsa;SNPXplex (SNPXplex);rs456261;Blue;G;G;179.65;179.65;false;0.0;0.0;0.0;1.0;0.0;0.0;0.0;0.0;0.0;0.0;0.0;-2.0;-2.0;Suspect
23-2900-G600LIZ-D50;G08_23-2900-G600LIZ-D50_F04_27-03-2024_20.fsa;SNPXplex (SNPXplex);rs6795772;Blue;C;T;172.66;175.69;false;0.0;0.0;0.0;1.0;0.0;0.0;0.0;0.0;0.0;0.0;0.0;0.0;-2.0;Suspect
23-2983-G600LIZ-D50;G09_23-2983-G600LIZ-D50_F04_27-03-2024_21.fsa;SNPXplex (SNPXplex);rs6795772;Blue;C;T;172.73;175.67;false;0.0;0.0;0.0;1.0;0.0;0.0;0.0;0.0;0.0;0.0;0.0;0.0;-2.0;Suspect
23-3372-G600LIZ-D50;B09_23-3372-G600LIZ-D50_F04_27-03-2024_06.fsa;SNPXplex (SNPXplex);rs6795772;Blue;C;T;172.67;175.7;false;0.0;0.0;0.0;1.0;0.0;0.0;0.0;0.0;0.0;0.0;0.0;0.0;-2.0;Suspect
23-2942-G600LIZ-D50;C09_23-2942-G600LIZ-D50_F04_27-03-2024_09.fsa;SNPXplex (SNPXplex);rs6795772;Blue;C;T;172.65;175.57;false;0.0;0.0;0.0;1.0;0.0;0.0;0.0;0.0;0.0;0.0;0.0;0.0;-2.0;Suspect
23-3067-G600LIZ-D50;D09_23-3067-G600LIZ-D50_F04_27-03-2024_12.fsa;SNPXplex (SNPXplex);rs6795772;Blue;C;T;172.73;175.67;false;0.0;0.0;0.0;1.0;0.0;0.0;0.0;0.0;0.0;0.0;0.0;0.0;-2.0;Suspect
23-2917-G600LIZ-D50;F09_23-2917-G600LIZ-D50_F04_27-03-2024_18.fsa;SNPXplex (SNPXplex);rs6795772;Blue;C;T;172.67;175.7;false;0.0;0.0;0.0;1.0;0.0;0.0;0.0;0.0;0.0;0.0;0.0;0.0;-2.0;Suspect
23-2950-G600LIZ-D50;A09_23-2950-G600LIZ-D50_F04_27-03-2024_03.fsa;SNPXplex (SNPXplex);rs6795772;Blue;C;C;172.71;172.71;false;0.0;0.0;0.0;1.0;0.0;0.0;0.0;0.0;0.0;0.0;0.0;-2.0;-2.0;Suspect
23-2907-G600LIZ-D50;H09_23-2907-G600LIZ-D50_F04_27-03-2024_24.fsa;SNPXplex (SNPXplex);rs6795772;Blue;C;T;172.78;175.69;false;0.0;0.0;0.0;1.0;0.0;0.0;0.0;0.0;0.0;0.0;0.0;0.0;-2.0;Suspect
23-2938-G600LIZ-D50;E09_23-2938-G600LIZ-D50_F04_27-03-2024_15.fsa;SNPXplex (SNPXplex);rs6795772;Blue;C;C;172.73;172.73;false;0.0;0.0;0.0;1.0;0.0;0.0;0.0;0.0;0.0;0.0;0.0;-2.0;-2.0;Suspect
23-3017-G600LIZ-D50;F08_23-3017-G600LIZ-D50_F04_27-03-2024_17.fsa;SNPXplex (SNPXplex);rs6795772;Blue;C;T;172.61;175.66;false;0.0;0.0;0.0;1.0;0.0;0.0;0.0;0.0;0.0;0.0;0.0;0.0;-2.0;Suspect
23-2996-G600LIZ-D50;H08_23-2996-G600LIZ-D50_F04_27-03-2024_23.fsa;SNPXplex (SNPXplex);rs6795772;Blue;C;T;172.66;175.69;false;0.0;0.0;0.0;1.0;0.0;0.0;0.0;0.0;0.0;0.0;0.0;0.0;-2.0;Suspect
23-2893-G600LIZ-D50;E08_23-2893-G600LIZ-D50_F04_27-03-2024_14.fsa;SNPXplex (SNPXplex);rs6795772;Blue;C;T;172.67;175.7;false;0.0;0.0;0.0;1.0;0.0;0.0;0.0;0.0;0.0;0.0;0.0;0.0;-2.0;Suspect
23-2900-G600LIZ-D50;G08_23-2900-G600LIZ-D50_F04_27-03-2024_20.fsa;SNPXplex (SNPXplex);rs8017;Blue;C;T;124.81;127.97;false;0.0;0.0;0.0;1.0;0.0;0.0;0.0;0.0;0.0;0.0;0.0;0.0;-2.0;Suspect
23-2983-G600LIZ-D50;G09_23-2983-G600LIZ-D50_F04_27-03-2024_21.fsa;SNPXplex (SNPXplex);rs8017;Blue;C;T;124.81;127.97;false;0.0;0.0;0.0;1.0;0.0;0.0;0.0;0.0;0.0;0.0;0.0;0.0;-2.0;Suspect
23-3372-G600LIZ-D50;B09_23-3372-G600LIZ-D50_F04_27-03-2024_06.fsa;SNPXplex (SNPXplex);rs8017;Blue;C;T;124.79;127.93;false;0.0;0.0;0.0;1.0;0.0;0.0;0.0;0.0;0.0;0.0;0.0;0.0;-2.0;Suspect
23-2942-G600LIZ-D50;C09_23-2942-G600LIZ-D50_F04_27-03-2024_09.fsa;SNPXplex (SNPXplex);rs8017;Blue;C;C;124.69;124.69;false;0.0;0.0;0.0;1.0;0.0;0.0;0.0;0.0;0.0;0.0;0.0;-2.0;-2.0;Suspect
23-2917-G600LIZ-D50;F09_23-2917-G600LIZ-D50_F04_27-03-2024_18.fsa;SNPXplex (SNPXplex);rs8017;Blue;C;T;124.68;127.97;false;0.0;0.0;0.0;1.0;0.0;0.0;0.0;0.0;0.0;0.0;0.0;0.0;-2.0;Suspect
23-2950-G600LIZ-D50;A09_23-2950-G600LIZ-D50_F04_27-03-2024_03.fsa;SNPXplex (SNPXplex);rs8017;Blue;C;T;124.79;128.05;false;0.0;0.0;0.0;1.0;0.0;0.0;0.0;0.0;0.0;0.0;0.0;0.0;-2.0;Suspect
23-2938-G600LIZ-D50;E09_23-2938-G600LIZ-D50_F04_27-03-2024_15.fsa;SNPXplex (SNPXplex);rs8017;Blue;C;T;124.72;128.02;false;0.0;0.0;0.0;1.0;0.0;0.0;0.0;0.0;0.0;0.0;0.0;0.0;-2.0;Suspect
23-2996-G600LIZ-D50;H08_23-2996-G600LIZ-D50_F04_27-03-2024_23.fsa;SNPXplex (SNPXplex);rs8017;Blue;C;T;124.67;127.94;false;0.0;0.0;0.0;1.0;0.0;0.0;0.0;0.0;0.0;0.0;0.0;0.0;-2.0;Suspect
23-3017-G600LIZ-D50;F08_23-3017-G600LIZ-D50_F04_27-03-2024_17.fsa;SNPXplex (SNPXplex);rs843345;Blue;T;T;107.54;107.54;false;0.0;0.0;0.0;1.0;0.0;0.0;0.0;0.0;0.0;0.0;0.0;-2.0;-2.0;Suspect
23-2983-G600LIZ-D50;G09_23-2983-G600LIZ-D50_F04_27-03-2024_21.fsa;SNPXplex (SNPXplex);rs1058018;Blue;T;T;117.01;117.01;false;0.0;0.0;0.0;1.0;0.0;0.0;0.0;0.0;0.0;0.0;0.0;-2.0;-2.0;Suspect
23-2950-G600LIZ-D50;A09_23-2950-G600LIZ-D50_F04_27-03-2024_03.fsa;SNPXplex (SNPXplex);rs1058018;Blue;T;T;117.01;117.01;false;0.0;0.0;0.0;1.0;0.0;0.0;0.0;0.0;0.0;0.0;0.0;-2.0;-2.0;Suspect
23-2938-G600LIZ-D50;E09_23-2938-G600LIZ-D50_F04_27-03-2024_15.fsa;SNPXplex (SNPXplex);rs1058018;Blue;T;T;117.01;117.01;false;0.0;0.0;0.0;1.0;0.0;0.0;0.0;0.0;0.0;0.0;0.0;-2.0;-2.0;Suspect
23-3017-G600LIZ-D50;F08_23-3017-G600LIZ-D50_F04_27-03-2024_17.fsa;SNPXplex (SNPXplex);rs1058018;Blue;T;T;117.01;117.01;false;0.0;0.0;0.0;1.0;0.0;0.0;0.0;0.0;0.0;0.0;0.0;-2.0;-2.0;Suspect
23-2983-G600LIZ-D50;G09_23-2983-G600LIZ-D50_F04_27-03-2024_21.fsa;SNPXplex (SNPXplex);rs1065483;Blue;A;A;142.15;142.15;false;0.0;0.0;0.0;1.0;0.0;0.0;0.0;0.0;0.0;0.0;0.0;-2.0;-2.0;Suspect
23-3067-G600LIZ-D50;D09_23-3067-G600LIZ-D50_F04_27-03-2024_12.fsa;SNPXplex (SNPXplex);rs1065483;Blue;A;A;142.15;142.15;false;0.0;0.0;0.0;1.0;0.0;0.0;0.0;0.0;0.0;0.0;0.0;-2.0;-2.0;Suspect
23-2917-G600LIZ-D50;F09_23-2917-G600LIZ-D50_F04_27-03-2024_18.fsa;SNPXplex (SNPXplex);rs1065483;Blue;A;A;142.17;142.17;false;0.0;0.0;0.0;1.0;0.0;0.0;0.0;0.0;0.0;0.0;0.0;-2.0;-2.0;Suspect
23-2907-G600LIZ-D50;H09_23-2907-G600LIZ-D50_F04_27-03-2024_24.fsa;SNPXplex (SNPXplex);rs1065483;Blue;G;G;139.41;139.41;false;0.0;0.0;0.0;1.0;0.0;0.0;0.0;0.0;0.0;0.0;0.0;-2.0;-2.0;Suspect
23-2996-G600LIZ-D50;H08_23-2996-G600LIZ-D50_F04_27-03-2024_23.fsa;SNPXplex (SNPXplex);rs1065483;Blue;G;G;139.41;139.41;false;0.0;0.0;0.0;1.0;0.0;0.0;0.0;0.0;0.0;0.0;0.0;-2.0;-2.0;Suspect
23-2907-G600LIZ-D50;H09_23-2907-G600LIZ-D50_F04_27-03-2024_24.fsa;SNPXplex (SNPXplex);rs11059924;Blue;C;C;156.05;156.05;false;0.0;0.0;0.0;1.0;0.0;0.0;0.0;0.0;0.0;0.0;0.0;-2.0;-2.0;Suspect
23-2938-G600LIZ-D50;E09_23-2938-G600LIZ-D50_F04_27-03-2024_15.fsa;SNPXplex (SNPXplex);rs1131620;Blue;G;G;191.02;191.02;false;0.0;0.0;0.0;1.0;0.0;0.0;0.0;0.0;0.0;0.0;0.0;-2.0;-2.0;Suspect
23-2996-G600LIZ-D50;H08_23-2996-G600LIZ-D50_F04_27-03-2024_23.fsa;SNPXplex (SNPXplex);rs1131620;Blue;G;G;191.07;191.07;false;0.0;0.0;0.0;1.0;0.0;0.0;0.0;0.0;0.0;0.0;0.0;-2.0;-2.0;Suspect
23-2983-G600LIZ-D50;G09_23-2983-G600LIZ-D50_F04_27-03-2024_21.fsa;SNPXplex (SNPXplex);rs11702450;Blue;G;A;97.91;101.0;false;0.0;0.0;0.0;1.0;0.0;0.0;0.0;0.0;0.0;0.0;0.0;0.0;-2.0;Suspect
23-3372-G600LIZ-D50;B09_23-3372-G600LIZ-D50_F04_27-03-2024_06.fsa;SNPXplex (SNPXplex);rs11702450;Blue;A;A;100.88;100.88;false;0.0;0.0;0.0;1.0;0.0;0.0;0.0;0.0;0.0;0.0;0.0;-2.0;-2.0;Suspect
23-3067-G600LIZ-D50;D09_23-3067-G600LIZ-D50_F04_27-03-2024_12.fsa;SNPXplex (SNPXplex);rs11702450;Blue;A;A;101.0;101.0;false;0.0;0.0;0.0;1.0;0.0;0.0;0.0;0.0;0.0;0.0;0.0;-2.0;-2.0;Suspect
23-2938-G600LIZ-D50;E09_23-2938-G600LIZ-D50_F04_27-03-2024_15.fsa;SNPXplex (SNPXplex);rs11702450;Blue;G;G;97.9;97.9;false;0.0;0.0;0.0;1.0;0.0;0.0;0.0;0.0;0.0;0.0;0.0;-2.0;-2.0;Suspect
23-2900-G600LIZ-D50;G08_23-2900-G600LIZ-D50_F04_27-03-2024_20.fsa;SNPXplex (SNPXplex);rs2075144;Blue;A;A;166.11;166.11;false;0.0;0.0;0.0;1.0;0.0;0.0;0.0;0.0;0.0;0.0;0.0;-2.0;-2.0;Suspect
23-2983-G600LIZ-D50;G09_23-2983-G600LIZ-D50_F04_27-03-2024_21.fsa;SNPXplex (SNPXplex);rs2075144;Blue;A;A;166.14;166.14;false;0.0;0.0;0.0;1.0;0.0;0.0;0.0;0.0;0.0;0.0;0.0;-2.0;-2.0;Suspect
23-3372-G600LIZ-D50;B09_23-3372-G600LIZ-D50_F04_27-03-2024_06.fsa;SNPXplex (SNPXplex);rs2075144;Blue;A;A;166.11;166.11;false;0.0;0.0;0.0;1.0;0.0;0.0;0.0;0.0;0.0;0.0;0.0;-2.0;-2.0;Suspect
23-2942-G600LIZ-D50;C09_23-2942-G600LIZ-D50_F04_27-03-2024_09.fsa;SNPXplex (SNPXplex);rs2075144;Blue;A;A;166.1;166.1;false;0.0;0.0;0.0;1.0;0.0;0.0;0.0;0.0;0.0;0.0;0.0;-2.0;-2.0;Suspect
23-3067-G600LIZ-D50;D09_23-3067-G600LIZ-D50_F04_27-03-2024_12.fsa;SNPXplex (SNPXplex);rs2075144;Blue;A;A;166.14;166.14;false;0.0;0.0;0.0;1.0;0.0;0.0;0.0;0.0;0.0;0.0;0.0;-2.0;-2.0;Suspect
23-2917-G600LIZ-D50;F09_23-2917-G600LIZ-D50_F04_27-03-2024_18.fsa;SNPXplex (SNPXplex);rs2075144;Blue;G;G;162.59;162.59;false;0.0;0.0;0.0;1.0;0.0;0.0;0.0;0.0;0.0;0.0;0.0;-2.0;-2.0;Suspect
23-2950-G600LIZ-D50;A09_23-2950-G600LIZ-D50_F04_27-03-2024_03.fsa;SNPXplex (SNPXplex);rs2075144;Blue;A;A;166.19;166.19;false;0.0;0.0;0.0;1.0;0.0;0.0;0.0;0.0;0.0;0.0;0.0;-2.0;-2.0;Suspect
23-2938-G600LIZ-D50;E09_23-2938-G600LIZ-D50_F04_27-03-2024_15.fsa;SNPXplex (SNPXplex);rs2075144;Blue;A;A;166.14;166.14;false;0.0;0.0;0.0;1.0;0.0;0.0;0.0;0.0;0.0;0.0;0.0;-2.0;-2.0;Suspect
23-3017-G600LIZ-D50;F08_23-3017-G600LIZ-D50_F04_27-03-2024_17.fsa;SNPXplex (SNPXplex);rs2075144;Blue;A;A;166.14;166.14;false;0.0;0.0;0.0;1.0;0.0;0.0;0.0;0.0;0.0;0.0;0.0;-2.0;-2.0;Suspect
23-2996-G600LIZ-D50;H08_23-2996-G600LIZ-D50_F04_27-03-2024_23.fsa;SNPXplex (SNPXplex);rs2075144;Blue;A;A;166.11;166.11;false;0.0;0.0;0.0;1.0;0.0;0.0;0.0;0.0;0.0;0.0;0.0;-2.0;-2.0;Suspect
23-2893-G600LIZ-D50;E08_23-2893-G600LIZ-D50_F04_27-03-2024_14.fsa;SNPXplex (SNPXplex);rs2075144;Blue;A;A;166.23;166.23;false;0.0;0.0;0.0;1.0;0.0;0.0;0.0;0.0;0.0;0.0;0.0;-2.0;-2.0;Suspect
23-2917-G600LIZ-D50;F09_23-2917-G600LIZ-D50_F04_27-03-2024_18.fsa;SNPXplex (SNPXplex);rs2231926;Blue;G;G;206.49;206.49;false;0.0;0.0;0.0;1.0;0.0;0.0;0.0;0.0;0.0;0.0;0.0;-2.0;-2.0;Suspect
23-2996-G600LIZ-D50;H08_23-2996-G600LIZ-D50_F04_27-03-2024_23.fsa;SNPXplex (SNPXplex);rs2231926;Blue;G;G;206.54;206.54;false;0.0;0.0;0.0;1.0;0.0;0.0;0.0;0.0;0.0;0.0;0.0;-2.0;-2.0;Suspect
23-3372-G600LIZ-D50;B09_23-3372-G600LIZ-D50_F04_27-03-2024_06.fsa;SNPXplex (SNPXplex);rs2839181;Blue;A;A;146.7;146.7;false;0.0;0.0;0.0;1.0;0.0;0.0;0.0;0.0;0.0;0.0;0.0;-2.0;-2.0;Suspect
23-3067-G600LIZ-D50;D09_23-3067-G600LIZ-D50_F04_27-03-2024_12.fsa;SNPXplex (SNPXplex);rs2839181;Blue;A;A;146.82;146.82;false;0.0;0.0;0.0;1.0;0.0;0.0;0.0;0.0;0.0;0.0;0.0;-2.0;-2.0;Suspect
23-2938-G600LIZ-D50;E09_23-2938-G600LIZ-D50_F04_27-03-2024_15.fsa;SNPXplex (SNPXplex);rs2839181;Blue;A;A;146.83;146.83;false;0.0;0.0;0.0;1.0;0.0;0.0;0.0;0.0;0.0;0.0;0.0;-2.0;-2.0;Suspect
23-2983-G600LIZ-D50;G09_23-2983-G600LIZ-D50_F04_27-03-2024_21.fsa;SNPXplex (SNPXplex);rs352169;Blue;A;A;216.59;216.59;false;0.0;0.0;0.0;1.0;0.0;0.0;0.0;0.0;0.0;0.0;0.0;-2.0;-2.0;Suspect
23-3372-G600LIZ-D50;B09_23-3372-G600LIZ-D50_F04_27-03-2024_06.fsa;SNPXplex (SNPXplex);rs352169;Blue;A;A;216.59;216.59;false;0.0;0.0;0.0;1.0;0.0;0.0;0.0;0.0;0.0;0.0;0.0;-2.0;-2.0;Suspect
23-2917-G600LIZ-D50;F09_23-2917-G600LIZ-D50_F04_27-03-2024_18.fsa;SNPXplex (SNPXplex);rs352169;Blue;A;A;216.66;216.66;false;0.0;0.0;0.0;1.0;0.0;0.0;0.0;0.0;0.0;0.0;0.0;-2.0;-2.0;Suspect
23-2950-G600LIZ-D50;A09_23-2950-G600LIZ-D50_F04_27-03-2024_03.fsa;SNPXplex (SNPXplex);rs352169;Blue;A;A;216.54;216.54;false;0.0;0.0;0.0;1.0;0.0;0.0;0.0;0.0;0.0;0.0;0.0;-2.0;-2.0;Suspect
23-2907-G600LIZ-D50;H09_23-2907-G600LIZ-D50_F04_27-03-2024_24.fsa;SNPXplex (SNPXplex);rs352169;Blue;A;A;216.66;216.66;false;0.0;0.0;0.0;1.0;0.0;0.0;0.0;0.0;0.0;0.0;0.0;-2.0;-2.0;Suspect
23-3017-G600LIZ-D50;F08_23-3017-G600LIZ-D50_F04_27-03-2024_17.fsa;SNPXplex (SNPXplex);rs352169;Blue;A;A;216.71;216.71;false;0.0;0.0;0.0;1.0;0.0;0.0;0.0;0.0;0.0;0.0;0.0;-2.0;-2.0;Suspect
23-2996-G600LIZ-D50;H08_23-2996-G600LIZ-D50_F04_27-03-2024_23.fsa;SNPXplex (SNPXplex);rs352169;Blue;A;A;216.66;216.66;false;0.0;0.0;0.0;1.0;0.0;0.0;0.0;0.0;0.0;0.0;0.0;-2.0;-2.0;Suspect
23-2900-G600LIZ-D50;G08_23-2900-G600LIZ-D50_F04_27-03-2024_20.fsa;SNPXplex (SNPXplex);rs3738494;Blue;C;T;132.3;135.34;false;0.0;0.0;0.0;1.0;0.0;0.0;0.0;0.0;0.0;0.0;0.0;0.0;-2.0;Suspect
23-2942-G600LIZ-D50;C09_23-2942-G600LIZ-D50_F04_27-03-2024_09.fsa;SNPXplex (SNPXplex);rs3738494;Blue;C;T;132.21;135.28;false;0.0;0.0;0.0;1.0;0.0;0.0;0.0;0.0;0.0;0.0;0.0;0.0;-2.0;Suspect
23-3067-G600LIZ-D50;D09_23-3067-G600LIZ-D50_F04_27-03-2024_12.fsa;SNPXplex (SNPXplex);rs3738494;Blue;T;T;135.34;135.34;false;0.0;0.0;0.0;1.0;0.0;0.0;0.0;0.0;0.0;0.0;0.0;-2.0;-2.0;Suspect
23-2907-G600LIZ-D50;H09_23-2907-G600LIZ-D50_F04_27-03-2024_24.fsa;SNPXplex (SNPXplex);rs3738494;Blue;C;T;132.21;135.4;false;0.0;0.0;0.0;1.0;0.0;0.0;0.0;0.0;0.0;0.0;0.0;0.0;-2.0;Suspect
23-2938-G600LIZ-D50;E09_23-2938-G600LIZ-D50_F04_27-03-2024_15.fsa;SNPXplex (SNPXplex);rs3738494;Blue;C;T;132.37;135.42;false;0.0;0.0;0.0;1.0;0.0;0.0;0.0;0.0;0.0;0.0;0.0;0.0;-2.0;Suspect
23-2900-G600LIZ-D50;G08_23-2900-G600LIZ-D50_F04_27-03-2024_20.fsa;SNPXplex (SNPXplex);rs3739160;Blue;C;T;245.48;248.73;false;0.0;0.0;0.0;1.0;0.0;0.0;0.0;0.0;0.0;0.0;0.0;0.0;-2.0;Suspect
23-2983-G600LIZ-D50;G09_23-2983-G600LIZ-D50_F04_27-03-2024_21.fsa;SNPXplex (SNPXplex);rs3739160;Blue;C;T;245.48;248.84;false;0.0;0.0;0.0;1.0;0.0;0.0;0.0;0.0;0.0;0.0;0.0;0.0;-2.0;Suspect
23-2942-G600LIZ-D50;C09_23-2942-G600LIZ-D50_F04_27-03-2024_09.fsa;SNPXplex (SNPXplex);rs3739160;Blue;T;T;248.71;248.71;false;0.0;0.0;0.0;1.0;0.0;0.0;0.0;0.0;0.0;0.0;0.0;-2.0;-2.0;Suspect
23-3067-G600LIZ-D50;D09_23-3067-G600LIZ-D50_F04_27-03-2024_12.fsa;SNPXplex (SNPXplex);rs3739160;Blue;C;T;245.47;248.72;false;0.0;0.0;0.0;1.0;0.0;0.0;0.0;0.0;0.0;0.0;0.0;0.0;-2.0;Suspect
23-2917-G600LIZ-D50;F09_23-2917-G600LIZ-D50_F04_27-03-2024_18.fsa;SNPXplex (SNPXplex);rs3739160;Blue;C;T;245.4;248.74;false;0.0;0.0;0.0;1.0;0.0;0.0;0.0;0.0;0.0;0.0;0.0;0.0;-2.0;Suspect
23-2938-G600LIZ-D50;E09_23-2938-G600LIZ-D50_F04_27-03-2024_15.fsa;SNPXplex (SNPXplex);rs3739160;Blue;C;C;245.48;245.48;false;0.0;0.0;0.0;1.0;0.0;0.0;0.0;0.0;0.0;0.0;0.0;-2.0;-2.0;Suspect
23-3017-G600LIZ-D50;F08_23-3017-G600LIZ-D50_F04_27-03-2024_17.fsa;SNPXplex (SNPXplex);rs3739160;Blue;T;T;248.73;248.73;false;0.0;0.0;0.0;1.0;0.0;0.0;0.0;0.0;0.0;0.0;0.0;-2.0;-2.0;Suspect
23-2893-G600LIZ-D50;E08_23-2893-G600LIZ-D50_F04_27-03-2024_14.fsa;SNPXplex (SNPXplex);rs3739160;Blue;C;T;245.48;248.73;false;0.0;0.0;0.0;1.0;0.0;0.0;0.0;0.0;0.0;0.0;0.0;0.0;-2.0;Suspect
23-2900-G600LIZ-D50;G08_23-2900-G600LIZ-D50_F04_27-03-2024_20.fsa;SNPXplex (SNPXplex);rs456261;Blue;G;A;179.65;182.58;false;0.0;0.0;0.0;1.0;0.0;0.0;0.0;0.0;0.0;0.0;0.0;0.0;-2.0;Suspect
23-2983-G600LIZ-D50;G09_23-2983-G600LIZ-D50_F04_27-03-2024_21.fsa;SNPXplex (SNPXplex);rs456261;Blue;G;A;179.77;182.59;false;0.0;0.0;0.0;1.0;0.0;0.0;0.0;0.0;0.0;0.0;0.0;0.0;-2.0;Suspect
23-3372-G600LIZ-D50;B09_23-3372-G600LIZ-D50_F04_27-03-2024_06.fsa;SNPXplex (SNPXplex);rs456261;Blue;G;A;179.65;182.57;false;0.0;0.0;0.0;1.0;0.0;0.0;0.0;0.0;0.0;0.0;0.0;0.0;-2.0;Suspect
23-2942-G600LIZ-D50;C09_23-2942-G600LIZ-D50_F04_27-03-2024_09.fsa;SNPXplex (SNPXplex);rs456261;Blue;A;A;182.48;182.48;false;0.0;0.0;0.0;1.0;0.0;0.0;0.0;0.0;0.0;0.0;0.0;-2.0;-2.0;Suspect
23-3067-G600LIZ-D50;D09_23-3067-G600LIZ-D50_F04_27-03-2024_12.fsa;SNPXplex (SNPXplex);rs456261;Blue;A;A;182.59;182.59;false;0.0;0.0;0.0;1.0;0.0;0.0;0.0;0.0;0.0;0.0;0.0;-2.0;-2.0;Suspect
23-2917-G600LIZ-D50;F09_23-2917-G600LIZ-D50_F04_27-03-2024_18.fsa;SNPXplex (SNPXplex);rs456261;Blue;G;A;179.65;182.58;false;0.0;0.0;0.0;1.0;0.0;0.0;0.0;0.0;0.0;0.0;0.0;0.0;-2.0;Suspect
23-2950-G600LIZ-D50;A09_23-2950-G600LIZ-D50_F04_27-03-2024_03.fsa;SNPXplex (SNPXplex);rs456261;Blue;G;A;179.77;182.56;false;0.0;0.0;0.0;1.0;0.0;0.0;0.0;0.0;0.0;0.0;0.0;0.0;-2.0;Suspect
23-2907-G600LIZ-D50;H09_23-2907-G600LIZ-D50_F04_27-03-2024_24.fsa;SNPXplex (SNPXplex);rs456261;Blue;G;G;179.77;179.77;false;0.0;0.0;0.0;1.0;0.0;0.0;0.0;0.0;0.0;0.0;0.0;-2.0;-2.0;Suspect
23-2938-G600LIZ-D50;E09_23-2938-G600LIZ-D50_F04_27-03-2024_15.fsa;SNPXplex (SNPXplex);rs456261;Blue;A;A;182.58;182.58;false;0.0;0.0;0.0;1.0;0.0;0.0;0.0;0.0;0.0;0.0;0.0;-2.0;-2.0;Suspect
23-2996-G600LIZ-D50;H08_23-2996-G600LIZ-D50_F04_27-03-2024_23.fsa;SNPXplex (SNPXplex);rs456261;Blue;A;A;182.69;182.69;false;0.0;0.0;0.0;1.0;0.0;0.0;0.0;0.0;0.0;0.0;0.0;-2.0;-2.0;Suspect
23-2893-G600LIZ-D50;E08_23-2893-G600LIZ-D50_F04_27-03-2024_14.fsa;SNPXplex (SNPXplex);rs456261;Blue;G;A;179.77;182.58;false;0.0;0.0;0.0;1.0;0.0;0.0;0.0;0.0;0.0;0.0;0.0;0.0;-2.0;Suspect
23-3067-G600LIZ-D50;D09_23-3067-G600LIZ-D50_F04_27-03-2024_12.fsa;SNPXplex (SNPXplex);rs8017;Blue;T;T;127.97;127.97;false;0.0;0.0;0.0;1.0;0.0;0.0;0.0;0.0;0.0;0.0;0.0;-2.0;-2.0;Suspect
23-2907-G600LIZ-D50;H09_23-2907-G600LIZ-D50_F04_27-03-2024_24.fsa;SNPXplex (SNPXplex);rs8017;Blue;T;T;127.98;127.98;false;0.0;0.0;0.0;1.0;0.0;0.0;0.0;0.0;0.0;0.0;0.0;-2.0;-2.0;Suspect
23-3017-G600LIZ-D50;F08_23-3017-G600LIZ-D50_F04_27-03-2024_17.fsa;SNPXplex (SNPXplex);rs8017;Blue;T;T;128.02;128.02;false;0.0;0.0;0.0;1.0;0.0;0.0;0.0;0.0;0.0;0.0;0.0;-2.0;-2.0;Suspect
23-2900-G600LIZ-D50;G08_23-2900-G600LIZ-D50_F04_27-03-2024_20.fsa;SNPXplex (SNPXplex);rs843345;Blue;C;C;110.68;110.68;false;0.0;0.0;0.0;1.0;0.0;0.0;0.0;0.0;0.0;0.0;0.0;-2.0;-2.0;Suspect
23-2983-G600LIZ-D50;G09_23-2983-G600LIZ-D50_F04_27-03-2024_21.fsa;SNPXplex (SNPXplex);rs843345;Blue;C;C;110.68;110.68;false;0.0;0.0;0.0;1.0;0.0;0.0;0.0;0.0;0.0;0.0;0.0;-2.0;-2.0;Suspect
23-3372-G600LIZ-D50;B09_23-3372-G600LIZ-D50_F04_27-03-2024_06.fsa;SNPXplex (SNPXplex);rs843345;Blue;T;C;107.47;110.56;false;0.0;0.0;0.0;1.0;0.0;0.0;0.0;0.0;0.0;0.0;0.0;0.0;-2.0;Suspect
23-2942-G600LIZ-D50;C09_23-2942-G600LIZ-D50_F04_27-03-2024_09.fsa;SNPXplex (SNPXplex);rs843345;Blue;T;C;107.44;110.67;false;0.0;0.0;0.0;1.0;0.0;0.0;0.0;0.0;0.0;0.0;0.0;0.0;-2.0;Suspect
23-3067-G600LIZ-D50;D09_23-3067-G600LIZ-D50_F04_27-03-2024_12.fsa;SNPXplex (SNPXplex);rs843345;Blue;T;C;107.48;110.69;false;0.0;0.0;0.0;1.0;0.0;0.0;0.0;0.0;0.0;0.0;0.0;0.0;-2.0;Suspect
23-2917-G600LIZ-D50;F09_23-2917-G600LIZ-D50_F04_27-03-2024_18.fsa;SNPXplex (SNPXplex);rs843345;Blue;T;T;107.57;107.57;false;0.0;0.0;0.0;1.0;0.0;0.0;0.0;0.0;0.0;0.0;0.0;-2.0;-2.0;Suspect
23-2950-G600LIZ-D50;A09_23-2950-G600LIZ-D50_F04_27-03-2024_03.fsa;SNPXplex (SNPXplex);rs843345;Blue;T;C;107.4;110.59;false;0.0;0.0;0.0;1.0;0.0;0.0;0.0;0.0;0.0;0.0;0.0;0.0;-2.0;Suspect
23-2907-G600LIZ-D50;H09_23-2907-G600LIZ-D50_F04_27-03-2024_24.fsa;SNPXplex (SNPXplex);rs843345;Blue;C;C;110.7;110.7;false;0.0;0.0;0.0;1.0;0.0;0.0;0.0;0.0;0.0;0.0;0.0;-2.0;-2.0;Suspect
23-2938-G600LIZ-D50;E09_23-2938-G600LIZ-D50_F04_27-03-2024_15.fsa;SNPXplex (SNPXplex);rs843345;Blue;T;T;107.48;107.48;false;0.0;0.0;0.0;1.0;0.0;0.0;0.0;0.0;0.0;0.0;0.0;-2.0;-2.0;Suspect
23-2996-G600LIZ-D50;H08_23-2996-G600LIZ-D50_F04_27-03-2024_23.fsa;SNPXplex (SNPXplex);rs843345;Blue;T;T;107.55;107.55;false;0.0;0.0;0.0;1.0;0.0;0.0;0.0;0.0;0.0;0.0;0.0;-2.0;-2.0;Suspect
23-2893-G600LIZ-D50;E08_23-2893-G600LIZ-D50_F04_27-03-2024_14.fsa;SNPXplex (SNPXplex);rs843345;Blue;C;C;110.7;110.7;false;0.0;0.0;0.0;1.0;0.0;0.0;0.0;0.0;0.0;0.0;0.0;-2.0;-2.0;Suspect
23-2900-G600LIZ-D50;G08_23-2900-G600LIZ-D50_F04_27-03-2024_20.fsa;SNPXplex (SNPXplex);rs1065483;Blue;A;A;142.16;142.16;false;0.0;0.0;0.0;0.0;0.0;0.0;0.0;0.0;0.0;0.0;0.0;-2.0;-2.0;Pass
23-3372-G600LIZ-D50;B09_23-3372-G600LIZ-D50_F04_27-03-2024_06.fsa;SNPXplex (SNPXplex);rs1065483;Blue;A;A;142.03;142.03;false;0.0;0.0;0.0;0.0;0.0;0.0;0.0;0.0;0.0;0.0;0.0;-2.0;-2.0;Pass
23-2942-G600LIZ-D50;C09_23-2942-G600LIZ-D50_F04_27-03-2024_09.fsa;SNPXplex (SNPXplex);rs1065483;Blue;A;A;142.16;142.16;false;0.0;0.0;0.0;0.0;0.0;0.0;0.0;0.0;0.0;0.0;0.0;-2.0;-2.0;Pass
23-2938-G600LIZ-D50;E09_23-2938-G600LIZ-D50_F04_27-03-2024_15.fsa;SNPXplex (SNPXplex);rs1065483;Blue;A;A;142.16;142.16;false;0.0;0.0;0.0;0.0;0.0;0.0;0.0;0.0;0.0;0.0;0.0;-2.0;-2.0;Pass
23-3017-G600LIZ-D50;F08_23-3017-G600LIZ-D50_F04_27-03-2024_17.fsa;SNPXplex (SNPXplex);rs1065483;Blue;A;A;142.16;142.16;false;0.0;0.0;0.0;0.0;0.0;0.0;0.0;0.0;0.0;0.0;0.0;-2.0;-2.0;Pass
